Area Code,Area_fbs,Year,country_risk_score,risk_level,predicted_risk_score,predicted_risk_level
2,Afghanistan,2017,0.4680272064361352,Moderate,0.47840402,Moderate
3,Albania,2010,0.4068790017824464,Moderate,0.3848968,Moderate
3,Albania,2011,0.3094203176024611,Moderate,0.28873104,Moderate
3,Albania,2012,0.4563627417686111,Moderate,0.34401283,Moderate
3,Albania,2013,0.3599036035108446,Moderate,0.42300433,Moderate
3,Albania,2017,0.4670688705551659,Moderate,0.50478405,Moderate
3,Albania,2023,0.3187644012632029,Moderate,0.48070452,High
4,Algeria,2011,0.5402923360910511,High,0.47798786,High
4,Algeria,2012,0.3680872544657716,Moderate,0.3983947,Moderate
4,Algeria,2013,0.5354476046659181,High,0.45544854,High
4,Algeria,2015,0.3361013632497111,Moderate,0.3294631,Moderate
4,Algeria,2016,0.3433927677328017,Moderate,0.34426197,Moderate
4,Algeria,2017,0.3301828599913528,Moderate,0.39007184,Moderate
7,Angola,2019,0.3987479426192339,Moderate,0.34611827,Moderate
7,Angola,2020,0.3516300246744656,Moderate,0.33147663,Moderate
7,Angola,2021,0.2920741373714876,Moderate,0.2988079,Moderate
7,Angola,2022,0.2234502556733341,Low,0.26414376,Moderate
7,Angola,2023,0.2354200576136509,Low,0.2349675,Low
9,Argentina,2010,0.0608871345511712,Low,0.09831344,Low
9,Argentina,2011,0.0482822400653315,Low,0.048310507,Low
9,Argentina,2013,0.0491836099195638,Low,0.06804995,Low
9,Argentina,2014,0.0405143990166011,Low,0.06717779,Low
9,Argentina,2015,0.0434898882056028,Low,0.057130963,Low
9,Argentina,2017,0.0418562272658356,Low,0.07492036,Low
9,Argentina,2018,0.0416891952614434,Low,0.06675674,Low
9,Argentina,2019,0.0522029623704663,Low,0.058337256,Low
9,Argentina,2020,0.0616423250072515,Low,0.064442225,Low
9,Argentina,2021,0.0395400996062337,Low,0.07774447,Low
9,Argentina,2022,0.0462496340605449,Low,0.06864558,Low
9,Argentina,2023,0.0351408454394819,Low,0.05853052,Low
1,Armenia,2010,0.6568047311056924,High,0.532024,High
1,Armenia,2011,0.4006020355670069,Moderate,0.4679567,Moderate
1,Armenia,2012,0.6151536544451409,High,0.5499967,High
1,Armenia,2013,0.5919301300940019,High,0.55970323,High
1,Armenia,2017,0.7443434543124196,High,0.73579663,High
1,Armenia,2019,0.8008535014515634,Very High,0.7761137,Very High
1,Armenia,2020,0.7719067760630243,Very High,0.74801004,Very High
1,Armenia,2021,0.8261965965270537,Very High,0.71698684,Very High
1,Armenia,2022,0.7321460957231322,High,0.71317136,Very High
1,Armenia,2023,0.7063497596830566,High,0.750168,Very High
10,Australia,2010,0.2008800264554005,Low,0.279827,Low
10,Australia,2011,0.1249235289519413,Low,0.20685992,Low
10,Australia,2012,0.1719842954206069,Low,0.16674523,Low
10,Australia,2013,0.1887700211683408,Low,0.16447772,Low
10,Australia,2014,0.1704563910155145,Low,0.20086415,Low
10,Australia,2015,0.1710777235352173,Low,0.18997703,Low
10,Australia,2016,0.1983554581824966,Low,0.22062504,Low
10,Australia,2017,0.1323183367293883,Low,0.23921135,Low
10,Australia,2018,0.1666634744793568,Low,0.28316438,Low
10,Australia,2020,0.4522368735135322,Moderate,0.40916875,Moderate
10,Australia,2021,0.1637193542939601,Low,0.2719088,Moderate
10,Australia,2022,0.1863520751726127,Low,0.28614923,Low
10,Australia,2023,0.1315657792232295,Low,0.2868877,Low
52,Azerbaijan,2010,0.6096115016907547,High,0.49337527,High
52,Azerbaijan,2011,0.401665949141249,Moderate,0.41064668,Moderate
52,Azerbaijan,2012,0.4919118946747989,Moderate,0.47905287,Moderate
52,Azerbaijan,2013,0.4098303171125926,Moderate,0.48707542,Moderate
52,Azerbaijan,2014,0.4699353879993515,Moderate,0.54130197,Moderate
52,Azerbaijan,2018,0.4387135445035085,Moderate,0.45580783,Moderate
52,Azerbaijan,2019,0.4826119143987846,Moderate,0.45877355,Moderate
52,Azerbaijan,2020,0.5854073320353075,High,0.511653,High
52,Azerbaijan,2021,0.5496029246446286,High,0.40424716,High
52,Azerbaijan,2022,0.5045352973567392,High,0.4431681,High
52,Azerbaijan,2023,0.5389329448391441,High,0.39917016,High
16,Bangladesh,2015,0.2038505156466093,Low,0.26270816,Low
255,Belgium,2019,0.4865839535852521,Moderate,0.43160155,Moderate
255,Belgium,2020,0.3126247831286238,Moderate,0.3555563,Moderate
255,Belgium,2021,0.1372232105036494,Low,0.36029968,Moderate
255,Belgium,2022,0.154895744672856,Low,0.3800455,Moderate
255,Belgium,2023,0.1370015607271329,Low,0.3416603,Moderate
18,Bhutan,2022,0.8115883753705541,Very High,0.61003,High
19,Bolivia (Plurinational State of),2010,0.3621853356917053,Moderate,0.3568953,Moderate
19,Bolivia (Plurinational State of),2011,0.459034386103827,Moderate,0.41694075,Moderate
19,Bolivia (Plurinational State of),2012,0.4223083142624396,Moderate,0.35212526,Moderate
19,Bolivia (Plurinational State of),2013,0.3460051860539067,Moderate,0.3522527,Moderate
19,Bolivia (Plurinational State of),2015,0.3921825767161965,Moderate,0.34421858,Moderate
19,Bolivia (Plurinational State of),2017,0.5309773706388465,High,0.4288415,High
19,Bolivia (Plurinational State of),2019,0.388793657351985,Moderate,0.2937344,Moderate
19,Bolivia (Plurinational State of),2021,0.3938195670044403,Moderate,0.34594682,Moderate
19,Bolivia (Plurinational State of),2023,0.2154583108072157,Low,0.2983349,Moderate
21,Brazil,2010,0.2891396317763439,Moderate,0.33229217,Moderate
21,Brazil,2011,0.3611621706508871,Moderate,0.3515698,Moderate
21,Brazil,2012,0.390786288296555,Moderate,0.36933476,Moderate
21,Brazil,2013,0.264233716049745,Moderate,0.3126495,Moderate
21,Brazil,2014,0.2249703018572312,Low,0.29904756,Low
21,Brazil,2015,0.3145882036437146,Moderate,0.31752616,Moderate
21,Brazil,2016,0.2853177837891695,Moderate,0.27147877,Moderate
21,Brazil,2017,0.3332599205071629,Moderate,0.31646666,Moderate
21,Brazil,2018,0.3553261336997316,Moderate,0.33065122,Moderate
21,Brazil,2019,0.3795715230348563,Moderate,0.3415198,Moderate
21,Brazil,2020,0.3235062578539824,Moderate,0.3216649,Moderate
21,Brazil,2021,0.3506592105933888,Moderate,0.30069336,Moderate
21,Brazil,2022,0.3524786127351482,Moderate,0.28259695,Moderate
21,Brazil,2023,0.3096857718179264,Moderate,0.31375396,Moderate
27,Bulgaria,2010,0.1684106417495013,Low,0.19247323,Low
27,Bulgaria,2011,0.0817490667294486,Low,0.19664194,Low
27,Bulgaria,2012,0.1486801120657048,Low,0.21751222,Low
27,Bulgaria,2013,0.184349396653654,Low,0.22806802,Low
27,Bulgaria,2014,0.0715899477966867,Low,0.09830067,Low
27,Bulgaria,2015,0.0888444684387374,Low,0.19284564,Low
27,Bulgaria,2016,0.1755646480356842,Low,0.20493338,Low
27,Bulgaria,2017,0.1491956483593434,Low,0.2510976,Low
27,Bulgaria,2018,0.0655669942805985,Low,0.19650707,Low
27,Bulgaria,2019,0.1613744161534074,Low,0.17109935,Low
27,Bulgaria,2021,0.142853358756908,Low,0.29440424,Low
27,Bulgaria,2022,0.139147395059823,Low,0.26329598,Moderate
233,Burkina Faso,2010,0.1251504663617163,Low,0.10708008,Low
233,Burkina Faso,2011,0.169836100086411,Low,0.14243865,Low
233,Burkina Faso,2012,0.1839641234503337,Low,0.17166953,Low
233,Burkina Faso,2013,0.1580557157320892,Low,0.10680077,Low
32,Cameroon,2010,0.3766322045747373,Moderate,0.3589458,Moderate
32,Cameroon,2011,0.3237641702478753,Moderate,0.31794164,Moderate
32,Cameroon,2012,0.3101853949188899,Moderate,0.33769396,Moderate
32,Cameroon,2014,0.3875646170863054,Moderate,0.30314583,Moderate
32,Cameroon,2015,0.3491661047835537,Moderate,0.31877613,Moderate
32,Cameroon,2016,0.3596984661452384,Moderate,0.3017493,Moderate
32,Cameroon,2017,0.3742275818251523,Moderate,0.35630673,Moderate
32,Cameroon,2018,0.4113377146812567,Moderate,0.32893643,Moderate
32,Cameroon,2019,0.3454989321518095,Moderate,0.3431345,Moderate
32,Cameroon,2020,0.3105038148166371,Moderate,0.31697643,Moderate
32,Cameroon,2021,0.3149035039697558,Moderate,0.31094846,Moderate
32,Cameroon,2022,0.2987204751857203,Moderate,0.30497524,Moderate
32,Cameroon,2023,0.2930974320412083,Moderate,0.29333347,Moderate
40,Chile,2010,0.4445464671232071,Moderate,0.3733391,Moderate
40,Chile,2011,0.3985223377847955,Moderate,0.3867622,Moderate
40,Chile,2012,0.4355135166948742,Moderate,0.3576598,Moderate
40,Chile,2013,0.4608981367332997,Moderate,0.37341666,Moderate
40,Chile,2014,0.4068433430218922,Moderate,0.34504715,Moderate
40,Chile,2015,0.3441279240713464,Moderate,0.3864792,Moderate
40,Chile,2016,0.2578379152657647,Moderate,0.31437108,Moderate
40,Chile,2017,0.3654079323445837,Moderate,0.33320448,Moderate
40,Chile,2018,0.316149499933453,Moderate,0.3748097,Moderate
40,Chile,2019,0.3341008090418463,Moderate,0.31803635,Moderate
40,Chile,2020,0.3649348260870899,Moderate,0.37091312,Moderate
40,Chile,2021,0.4286625592580293,Moderate,0.35172933,Moderate
40,Chile,2022,0.3897236289996321,Moderate,0.34986547,Moderate
214,"China, Taiwan Province of",2010,0.4227059611972449,Moderate,0.459131,Moderate
214,"China, Taiwan Province of",2011,0.3858630993297867,Moderate,0.40380934,Moderate
214,"China, Taiwan Province of",2012,0.3789244407468507,Moderate,0.35408804,Moderate
214,"China, Taiwan Province of",2013,0.3960545705619962,Moderate,0.31480458,Moderate
214,"China, Taiwan Province of",2014,0.3711084239276264,Moderate,0.33741164,Moderate
214,"China, Taiwan Province of",2015,0.3909482253082506,Moderate,0.4317196,Moderate
214,"China, Taiwan Province of",2016,0.4046893944788762,Moderate,0.42696428,Moderate
214,"China, Taiwan Province of",2017,0.3963336333304809,Moderate,0.39946735,Moderate
214,"China, Taiwan Province of",2018,0.3995244421920297,Moderate,0.436335,Moderate
214,"China, Taiwan Province of",2019,0.4530281421172167,Moderate,0.39244038,Moderate
214,"China, Taiwan Province of",2020,0.4632253808888846,Moderate,0.43601403,Moderate
214,"China, Taiwan Province of",2021,0.428513643718587,Moderate,0.31329933,Moderate
214,"China, Taiwan Province of",2022,0.41119361212396,Moderate,0.30930072,Low
214,"China, Taiwan Province of",2023,0.4211767277001769,Moderate,0.4072562,Moderate
41,"China, mainland",2010,0.0666493712060278,Low,0.0698747,Low
41,"China, mainland",2011,0.0622069007425562,Low,0.10027139,Low
41,"China, mainland",2012,0.1011040260730844,Low,0.1616657,Low
41,"China, mainland",2013,0.1179179154660247,Low,0.107681125,Low
41,"China, mainland",2014,0.0773056699998252,Low,0.06763103,Low
41,"China, mainland",2015,0.0829855802833286,Low,0.079915166,Low
41,"China, mainland",2016,0.0767412582149152,Low,0.05828641,Low
41,"China, mainland",2017,0.0983015641191212,Low,0.07539952,Low
41,"China, mainland",2018,0.0764224170455425,Low,0.060556937,Low
41,"China, mainland",2019,0.0519736966553979,Low,0.052152734,Low
41,"China, mainland",2020,0.0787371047996648,Low,0.14639384,Low
41,"China, mainland",2021,0.0860115526401652,Low,0.2110093,Low
41,"China, mainland",2022,0.1210000643877591,Low,0.1893987,Low
41,"China, mainland",2023,0.128197850936324,Low,0.20120513,Low
44,Colombia,2010,0.3637690910699146,Moderate,0.35505208,Moderate
44,Colombia,2011,0.3851470509830106,Moderate,0.34839228,Moderate
44,Colombia,2012,0.414784954557552,Moderate,0.36579537,Moderate
44,Colombia,2013,0.4062556129688063,Moderate,0.3783931,Moderate
44,Colombia,2014,0.5570508128275673,High,0.5367214,High
44,Colombia,2015,0.5999795503424893,High,0.5461766,High
44,Colombia,2016,0.4831080178909273,Moderate,0.54725814,High
44,Colombia,2017,0.5417438771063707,High,0.5462448,High
44,Colombia,2018,0.5520133983910105,High,0.5424882,High
44,Colombia,2019,0.4591744011159708,Moderate,0.42886955,Moderate
44,Colombia,2020,0.5167826868207517,High,0.5533564,High
44,Colombia,2021,0.4708499123214373,Moderate,0.4684095,Moderate
44,Colombia,2022,0.4133042616220998,Moderate,0.3966591,Moderate
44,Colombia,2023,0.445117667413483,Moderate,0.3964799,Moderate
98,Croatia,2019,0.4528036068301171,Moderate,0.2845457,Moderate
98,Croatia,2020,0.5337878344400321,High,0.36148718,High
98,Croatia,2021,0.3078486641445754,Moderate,0.15231524,Low
98,Croatia,2022,0.3300967038752672,Moderate,0.1857761,Low
98,Croatia,2023,0.386855067152755,Moderate,0.24133724,Moderate
167,Czechia,2019,0.2214040318917013,Low,0.21254936,Low
167,Czechia,2020,0.2946493826776031,Moderate,0.3012175,Moderate
167,Czechia,2021,0.2373923050368432,Low,0.3000971,Low
167,Czechia,2023,0.2284058936695888,Low,0.24215557,Low
250,Democratic Republic of the Congo,2016,0.2077118679667035,Low,0.28636643,Moderate
250,Democratic Republic of the Congo,2017,0.257758906048583,Moderate,0.2790294,Moderate
250,Democratic Republic of the Congo,2018,0.2817150287725042,Moderate,0.33116287,Moderate
250,Democratic Republic of the Congo,2019,0.2971684005844943,Moderate,0.31872752,Moderate
250,Democratic Republic of the Congo,2020,0.2690504201113272,Moderate,0.31144303,Moderate
250,Democratic Republic of the Congo,2021,0.294511125155789,Moderate,0.37441593,Moderate
250,Democratic Republic of the Congo,2022,0.269295032896249,Moderate,0.40689644,High
250,Democratic Republic of the Congo,2023,0.3059217627337528,Moderate,0.38347414,Moderate
54,Denmark,2010,0.1844563516622385,Low,0.16644701,Low
54,Denmark,2011,0.1555651153127424,Low,0.17856286,Low
54,Denmark,2012,0.1195434356078622,Low,0.14688519,Low
54,Denmark,2013,0.1555035329882682,Low,0.22133592,Low
54,Denmark,2014,0.1236152677865596,Low,0.14724168,Low
54,Denmark,2019,0.1682667211644888,Low,0.2690133,Low
54,Denmark,2020,0.1745839102568423,Low,0.23509242,Low
54,Denmark,2021,0.14887336344597,Low,0.20695794,Low
54,Denmark,2022,0.1104368747696081,Low,0.35559472,Moderate
54,Denmark,2023,0.1805230764348198,Low,0.28456634,Low
58,Ecuador,2010,0.3233464807194094,Moderate,0.3764991,Moderate
58,Ecuador,2011,0.3226613816033797,Moderate,0.3459282,Moderate
58,Ecuador,2012,0.3828891824840015,Moderate,0.3766047,Moderate
58,Ecuador,2013,0.2600446449074916,Moderate,0.30977017,Moderate
58,Ecuador,2014,0.2356808267768015,Low,0.2924948,Low
58,Ecuador,2015,0.2413966060425645,Low,0.31705788,Moderate
58,Ecuador,2016,0.2664959397874429,Moderate,0.288369,Moderate
58,Ecuador,2017,0.2419376054567294,Low,0.28670952,Low
58,Ecuador,2018,0.2655892709092367,Moderate,0.32327452,Moderate
58,Ecuador,2019,0.2557590981322412,Moderate,0.30556563,Moderate
58,Ecuador,2020,0.2668502052527414,Moderate,0.3122303,Moderate
58,Ecuador,2021,0.282946726079615,Moderate,0.31006688,Low
58,Ecuador,2022,0.238532677790274,Low,0.42586637,Moderate
58,Ecuador,2023,0.3326467393613702,Moderate,0.3709064,Moderate
59,Egypt,2011,0.2453641458910702,Low,0.28230634,Low
59,Egypt,2013,0.3173743967397662,Moderate,0.30784568,Moderate
59,Egypt,2017,0.3269424427293891,Moderate,0.3005941,Moderate
59,Egypt,2018,0.4019108703563703,Moderate,0.3442597,Moderate
59,Egypt,2019,0.370913822612731,Moderate,0.38631254,Moderate
59,Egypt,2020,0.3406237819431034,Moderate,0.30708542,Moderate
59,Egypt,2021,0.2980894841821814,Moderate,0.29919305,Moderate
59,Egypt,2022,0.3353439911481735,Moderate,0.3948358,Moderate
59,Egypt,2023,0.3608006447920787,Moderate,0.31200215,Moderate
63,Estonia,2019,0.4652404988418303,Moderate,0.46535856,Moderate
63,Estonia,2020,0.5761516507104572,High,0.46284562,High
63,Estonia,2021,0.3856567651678572,Moderate,0.4748005,Moderate
63,Estonia,2022,0.3210553809631162,Moderate,0.43861866,Moderate
63,Estonia,2023,0.4746358574341488,Moderate,0.45945984,Moderate
209,Eswatini,2015,0.7374408041507526,High,0.6680333,High
209,Eswatini,2016,0.7890205226233928,Very High,0.7453083,Very High
209,Eswatini,2017,0.6609432066121459,High,0.644222,High
209,Eswatini,2018,0.6553212931063858,High,0.6888085,High
209,Eswatini,2019,0.6284225969401164,High,0.63265365,High
209,Eswatini,2020,0.6700714505967106,High,0.6896951,High
209,Eswatini,2021,0.6358215783762012,High,0.6580416,High
209,Eswatini,2022,0.623987566128403,High,0.69796115,High
209,Eswatini,2023,0.6472047929805861,High,0.6919504,High
238,Ethiopia,2010,0.1637558950933171,Low,0.16627893,Low
238,Ethiopia,2011,0.1772253298900959,Low,0.15631095,Low
238,Ethiopia,2012,0.0656528958044768,Low,0.10962099,Low
238,Ethiopia,2013,0.1448077559559108,Low,0.11306869,Low
238,Ethiopia,2014,0.1231384013174848,Low,0.13503197,Low
238,Ethiopia,2015,0.1111210439512241,Low,0.11730887,Low
238,Ethiopia,2016,0.0943703602575859,Low,0.11387174,Low
238,Ethiopia,2017,0.127102226959965,Low,0.12582281,Low
238,Ethiopia,2018,0.140434303078866,Low,0.116464324,Low
238,Ethiopia,2019,0.1661697190105874,Low,0.1694807,Low
238,Ethiopia,2020,0.1675553356963278,Low,0.17292036,Low
238,Ethiopia,2021,0.1513969977132157,Low,0.10464316,Low
238,Ethiopia,2022,0.1540525467625182,Low,0.13579214,Low
238,Ethiopia,2023,0.1390731869652581,Low,0.15407173,Low
67,Finland,2020,0.2131061433519794,Low,0.30893192,Low
67,Finland,2021,0.2844061999681967,Moderate,0.43417242,Very High
67,Finland,2022,0.2201794182102766,Low,0.42705688,Very High
67,Finland,2023,0.2353893703503254,Low,0.3876055,Very High
68,France,2010,0.1092312111949109,Low,0.118836924,Low
68,France,2011,0.1381990212143985,Low,0.15489332,Low
68,France,2012,0.1584222015051296,Low,0.1595635,Low
68,France,2013,0.152399174250674,Low,0.13135374,Low
68,France,2014,0.0460543851722343,Low,0.048895203,Low
68,France,2015,0.0367655878207633,Low,0.04873456,Low
68,France,2016,0.0318606096475761,Low,0.031751875,Low
68,France,2017,0.0365813231971199,Low,0.03726538,Low
68,France,2018,0.0515480480398824,Low,0.056681093,Low
68,France,2019,0.0381338311245664,Low,0.0487472,Low
68,France,2020,0.0881821115587213,Low,0.09531811,Low
68,France,2021,0.0448551620393138,Low,0.056273006,Low
68,France,2022,0.06042180495525,Low,0.044882383,Low
68,France,2023,0.0393051620964148,Low,0.054440428,Low
79,Germany,2019,0.050516702411407,Low,0.056419168,Low
79,Germany,2020,0.0744406269398838,Low,0.07469153,Low
79,Germany,2021,0.0888732618001515,Low,0.10757049,Low
79,Germany,2022,0.0683843319268006,Low,0.12339391,Low
79,Germany,2023,0.0825597474470481,Low,0.14572631,Low
84,Greece,2010,0.0517591128367845,Low,0.07569439,Low
84,Greece,2011,0.0798039879787435,Low,0.07737963,Low
84,Greece,2012,0.1674571811309814,Low,0.1214448,Low
84,Greece,2013,0.1853896136493872,Low,0.14772707,Low
84,Greece,2014,0.2489749245651225,Low,0.18072489,Low
84,Greece,2015,0.1831257140043622,Low,0.16265216,Low
84,Greece,2016,0.1752224174591754,Low,0.16933021,Low
84,Greece,2017,0.1838258606412826,Low,0.15937606,Low
84,Greece,2018,0.1993924300563597,Low,0.2102214,Low
84,Greece,2019,0.2565603615491008,Moderate,0.28467122,Moderate
84,Greece,2020,0.2894047370474105,Moderate,0.2875175,Moderate
84,Greece,2021,0.3397549595302893,Moderate,0.147171,Low
84,Greece,2022,0.3035372296174063,Moderate,0.131191,Low
84,Greece,2023,0.2415395202297013,Low,0.15779251,Low
89,Guatemala,2010,0.641478839773705,High,0.62732625,High
89,Guatemala,2011,0.658189682096899,High,0.64078337,High
89,Guatemala,2012,0.5063240621609391,High,0.4584482,High
89,Guatemala,2013,0.432566787340909,Moderate,0.4018608,Moderate
89,Guatemala,2014,0.6362383693096547,High,0.6278851,High
89,Guatemala,2015,0.616562777031749,High,0.6213127,High
89,Guatemala,2016,0.6427314352163509,High,0.6379256,High
89,Guatemala,2017,0.6143329460927311,High,0.612187,High
89,Guatemala,2018,0.6404795015942861,High,0.5762256,High
89,Guatemala,2019,0.5987836297846475,High,0.59000456,High
89,Guatemala,2020,0.5513245778550913,High,0.5536483,High
89,Guatemala,2021,0.5708703358873776,High,0.6077279,High
89,Guatemala,2022,0.5105365350173487,High,0.46721074,High
89,Guatemala,2023,0.4921578135927107,Moderate,0.47117558,High
95,Honduras,2012,0.6531080489610003,High,0.607255,High
95,Honduras,2014,0.7094056399494585,High,0.666046,High
95,Honduras,2015,0.6514109381737756,High,0.6387812,High
95,Honduras,2016,0.7316470811283775,High,0.71684635,High
95,Honduras,2017,0.74278854707059,High,0.7072518,High
95,Honduras,2018,0.7182034664917762,High,0.70865387,High
95,Honduras,2019,0.7450672966333463,High,0.69011,High
95,Honduras,2020,0.7399244249567556,High,0.688507,High
95,Honduras,2021,0.7763064995527913,Very High,0.6868698,High
95,Honduras,2023,0.7344021784603032,High,0.67656386,High
97,Hungary,2010,0.4172535609726869,Moderate,0.3819084,Moderate
97,Hungary,2011,0.2218445438618072,Low,0.24871671,Low
97,Hungary,2013,0.2702972548963566,Moderate,0.27038023,Moderate
97,Hungary,2014,0.2568320010947077,Moderate,0.2666373,Moderate
97,Hungary,2015,0.2983722587715288,Moderate,0.29989955,Moderate
97,Hungary,2016,0.3388201927873883,Moderate,0.3116993,Moderate
97,Hungary,2017,0.5011979822316391,High,0.45185348,High
97,Hungary,2018,0.3299465507796035,Moderate,0.31923267,Moderate
97,Hungary,2019,0.3232516083913245,Moderate,0.36283496,Moderate
97,Hungary,2020,0.512497167051878,High,0.488041,High
97,Hungary,2021,0.3213717590115268,Moderate,0.38738936,Moderate
97,Hungary,2022,0.3276507270072091,Moderate,0.37916932,Moderate
97,Hungary,2023,0.2621859184959618,Moderate,0.3140746,Moderate
100,India,2010,0.040642317401624,Low,0.04332408,Low
100,India,2011,0.034484532271757,Low,0.03448279,Low
100,India,2012,0.0364558021632295,Low,0.054021988,Low
100,India,2013,0.046191035871089,Low,0.032293487,Low
100,India,2014,0.0447639655304665,Low,0.04305301,Low
100,India,2015,0.0412139360579865,Low,0.03612787,Low
100,India,2016,0.0377954029717575,Low,0.055941217,Low
100,India,2017,0.0616587204605427,Low,0.05531768,Low
100,India,2018,0.034860818431995,Low,0.04120405,Low
100,India,2019,0.0225432692409269,Low,0.05158945,Low
100,India,2020,0.0285532373021434,Low,0.10120922,Low
100,India,2021,0.0226179009025686,Low,0.1034079,Low
100,India,2022,0.0355413577843404,Low,0.086454526,Low
100,India,2023,0.0486105910861542,Low,0.07005467,Low
102,Iran (Islamic Republic of),2010,0.1548494238656275,Low,0.1726787,Low
102,Iran (Islamic Republic of),2014,0.1154027274418022,Low,0.16572133,Low
102,Iran (Islamic Republic of),2016,0.1509900523390233,Low,0.16308616,Low
102,Iran (Islamic Republic of),2017,0.1122501186284857,Low,0.09811519,Low
102,Iran (Islamic Republic of),2018,0.134688912238171,Low,0.1580366,Low
102,Iran (Islamic Republic of),2020,0.229713681642843,Low,0.21840021,Low
102,Iran (Islamic Republic of),2021,0.1657682690669604,Low,0.25270092,Moderate
102,Iran (Islamic Republic of),2022,0.1684737775908069,Low,0.34719956,Moderate
104,Ireland,2019,0.5464188376609166,High,0.44846085,High
104,Ireland,2020,0.4315351144311442,Moderate,0.38187796,Moderate
104,Ireland,2021,0.1632703388964361,Low,0.30592054,Moderate
104,Ireland,2022,0.4854606316675892,Moderate,0.35105076,Moderate
104,Ireland,2023,0.3742395675743208,Moderate,0.34155118,Moderate
106,Italy,2010,0.0426985603401155,Low,0.051218443,Low
106,Italy,2011,0.0383434859679307,Low,0.048321612,Low
106,Italy,2012,0.0369419799140526,Low,0.066291556,Low
106,Italy,2013,0.0368043237617145,Low,0.012846441,Low
106,Italy,2014,0.034261078477974,Low,0.030514844,Low
106,Italy,2015,0.0308919683005243,Low,0.027674342,Low
106,Italy,2016,0.0295201182814452,Low,0.023806069,Low
106,Italy,2017,0.0346206636947488,Low,0.05156216,Low
106,Italy,2018,0.0357916642677846,Low,0.08848646,Low
106,Italy,2019,0.0351436193633147,Low,0.05596913,Low
106,Italy,2020,0.0437979512739109,Low,0.052717417,Low
106,Italy,2021,0.0379927934271418,Low,0.014239681,Low
106,Italy,2022,0.0402792135206266,Low,-0.019068468,Low
106,Italy,2023,0.0348209841067103,Low,0.02707732,Low
108,Kazakhstan,2011,0.0862569366150779,Low,0.11242213,Low
108,Kazakhstan,2013,0.1061245457252041,Low,0.18849634,Low
108,Kazakhstan,2014,0.1158833611874856,Low,0.11013266,Low
108,Kazakhstan,2015,0.1135556068192049,Low,0.1136838,Low
108,Kazakhstan,2016,0.0710473634536336,Low,0.108585104,Low
108,Kazakhstan,2017,0.0661545159004027,Low,0.13048966,Low
108,Kazakhstan,2018,0.2602177973761787,Moderate,0.23773728,Moderate
108,Kazakhstan,2019,0.3806725244853465,Moderate,0.3522672,Moderate
108,Kazakhstan,2020,0.3204903129456478,Moderate,0.2914865,Moderate
108,Kazakhstan,2021,0.448347937376857,Moderate,0.32429573,Moderate
108,Kazakhstan,2022,0.3561383308525693,Moderate,0.2858713,Moderate
108,Kazakhstan,2023,0.6619895089145675,High,0.31877777,Moderate
114,Kenya,2010,0.2750794454067478,Moderate,0.2602042,Moderate
114,Kenya,2013,0.2270789586949521,Low,0.22210497,Low
114,Kenya,2016,0.3062562472978166,Moderate,0.3024839,Moderate
114,Kenya,2017,0.2584928765420615,Moderate,0.27063087,Moderate
114,Kenya,2018,0.3018023662948452,Moderate,0.28784963,Moderate
114,Kenya,2019,0.3318493178726188,Moderate,0.34247893,Moderate
114,Kenya,2020,0.2252651235635833,Low,0.22010969,Low
114,Kenya,2021,0.3684168364306044,Moderate,0.35562196,Moderate
114,Kenya,2022,0.3770639170544839,Moderate,0.3929971,Moderate
114,Kenya,2023,0.3184867805334316,Moderate,0.23363174,Low
113,Kyrgyzstan,2010,0.5170530634770607,High,0.43317363,High
113,Kyrgyzstan,2011,0.5043381411284319,High,0.43919477,High
113,Kyrgyzstan,2012,0.6381152919013797,High,0.4874824,High
113,Kyrgyzstan,2015,0.4726720562855543,Moderate,0.40531644,Moderate
113,Kyrgyzstan,2016,0.4208294239470744,Moderate,0.39270422,Moderate
113,Kyrgyzstan,2017,0.5267751068226573,High,0.43452272,Moderate
113,Kyrgyzstan,2018,0.4695015125440587,Moderate,0.3550026,Moderate
113,Kyrgyzstan,2019,0.4988996545104744,Moderate,0.42014128,Moderate
113,Kyrgyzstan,2020,0.3832124412916408,Moderate,0.36978963,Moderate
113,Kyrgyzstan,2021,0.4058670496017533,Moderate,0.23077755,Moderate
113,Kyrgyzstan,2022,0.4599632437131533,Moderate,0.25389495,Low
113,Kyrgyzstan,2023,0.4924528265930014,Moderate,0.33155805,Moderate
119,Latvia,2019,0.7718044395440021,Very High,0.7955254,Very High
119,Latvia,2020,0.7572309920971979,Very High,0.6898302,Very High
119,Latvia,2021,0.6893042832689171,High,0.68981206,Very High
119,Latvia,2022,0.6765382293836106,High,0.648759,High
119,Latvia,2023,0.6457236939352585,High,0.50424325,High
126,Lithuania,2019,0.3728467723560996,Moderate,0.37989265,Moderate
126,Lithuania,2020,0.2582443680991548,Moderate,0.3134536,Moderate
126,Lithuania,2021,0.1687325636101766,Low,0.17487513,Low
126,Lithuania,2022,0.1843479479374168,Low,0.32453164,Moderate
126,Lithuania,2023,0.2292745139679464,Low,0.2498991,Moderate
256,Luxembourg,2019,0.655314437140206,High,0.6527904,High
256,Luxembourg,2020,0.6152948760894521,High,0.62068444,High
256,Luxembourg,2021,0.6155384534423761,High,0.4800995,Very High
256,Luxembourg,2022,0.6182707076061943,High,0.5257557,High
256,Luxembourg,2023,0.5151274032041798,High,0.4426937,High
129,Madagascar,2010,0.2152469211220528,Low,0.25234264,Low
129,Madagascar,2011,0.2288640534135637,Low,0.24491118,Low
129,Madagascar,2012,0.1709433302554681,Low,0.24886194,Low
129,Madagascar,2013,0.2468017196702439,Low,0.27412313,Low
129,Madagascar,2014,0.2495228159692543,Low,0.25465932,Low
129,Madagascar,2015,0.2665209009973983,Moderate,0.23941626,Low
129,Madagascar,2016,0.2463109735478333,Low,0.2816946,Low
129,Madagascar,2017,0.2551391929622579,Moderate,0.2732429,Moderate
129,Madagascar,2018,0.246676128860295,Low,0.1890438,Low
129,Madagascar,2019,0.1934034485809653,Low,0.18527791,Low
129,Madagascar,2020,0.231979031904961,Low,0.1624337,Low
129,Madagascar,2021,0.3541938133087691,Moderate,0.19512098,Low
129,Madagascar,2022,0.3500612414088796,Moderate,0.22650212,Low
129,Madagascar,2023,0.3104118862935324,Moderate,0.20846562,Low
130,Malawi,2010,0.0692538202878308,Low,0.08641278,Low
130,Malawi,2011,0.0751870352833868,Low,0.07761375,Low
130,Malawi,2013,0.1261146967060894,Low,0.12591802,Low
130,Malawi,2014,0.0920661180076057,Low,0.103353105,Low
130,Malawi,2015,0.2368625453781067,Low,0.24395923,Low
130,Malawi,2016,0.2722607922393617,Moderate,0.2686185,Moderate
130,Malawi,2017,0.1333407681073454,Low,0.12698099,Low
130,Malawi,2018,0.0768782561805056,Low,0.091029845,Low
130,Malawi,2019,0.0628179988656299,Low,0.071897395,Low
130,Malawi,2020,0.0914697707554082,Low,0.09236061,Low
130,Malawi,2021,0.0695034957664184,Low,0.07726691,Low
130,Malawi,2022,0.0424838273183336,Low,0.074380785,Low
130,Malawi,2023,0.1195031861630866,Low,0.123021305,Low
131,Malaysia,2010,0.4610444600177153,Moderate,0.36661002,Moderate
131,Malaysia,2011,0.414663647351012,Moderate,0.3797511,Moderate
131,Malaysia,2012,0.4962783532786462,Moderate,0.4221298,Moderate
131,Malaysia,2013,0.4055822670035914,Moderate,0.34074816,Moderate
131,Malaysia,2014,0.4195905509129944,Moderate,0.38205406,Moderate
131,Malaysia,2015,0.3559658120180549,Moderate,0.3950137,Moderate
131,Malaysia,2016,0.3629217074747941,Moderate,0.36642995,Moderate
131,Malaysia,2017,0.3876201876408718,Moderate,0.3730651,Moderate
131,Malaysia,2018,0.3873432456313804,Moderate,0.3611969,Moderate
131,Malaysia,2019,0.3542209475235602,Moderate,0.36282447,Moderate
131,Malaysia,2020,0.3334533062924547,Moderate,0.3375122,Moderate
131,Malaysia,2021,0.3906734862732643,Moderate,0.37691572,Moderate
131,Malaysia,2022,0.4186992761737357,Moderate,0.32853734,Moderate
131,Malaysia,2023,0.3721529280206825,Moderate,0.42430574,Moderate
134,Malta,2019,0.2731232354751827,Moderate,0.31357977,Moderate
134,Malta,2020,0.1900683021113797,Low,0.3392063,Low
134,Malta,2021,0.4311767478976732,Moderate,0.5855536,Very High
134,Malta,2022,0.3426730562657417,Moderate,0.36719137,Moderate
134,Malta,2023,0.3096106839058154,Moderate,0.3667794,Moderate
138,Mexico,2010,0.5677440275220637,High,0.5285568,High
138,Mexico,2011,0.5738145513389608,High,0.5849425,High
138,Mexico,2012,0.5565089758308379,High,0.570914,High
138,Mexico,2013,0.5303535370124306,High,0.48127908,High
138,Mexico,2014,0.5193372364597065,High,0.53191346,High
138,Mexico,2015,0.4988102686864039,Moderate,0.51731503,Moderate
138,Mexico,2016,0.5171907326331534,High,0.5244565,High
138,Mexico,2017,0.5120807571240605,High,0.5199361,High
138,Mexico,2018,0.5126678769504577,High,0.53046566,High
138,Mexico,2019,0.6161554355230672,High,0.6086127,High
138,Mexico,2020,0.6072600460861304,High,0.59592634,High
138,Mexico,2021,0.6456476439928107,High,0.59477377,High
138,Mexico,2022,0.6398153078770352,High,0.5972966,High
138,Mexico,2023,0.6053808862468426,High,0.5917373,High
143,Morocco,2010,0.4066034446798794,Moderate,0.34973657,Moderate
143,Morocco,2012,0.2457550820120732,Low,0.28971174,Moderate
143,Morocco,2013,0.2664396339134073,Moderate,0.3461273,Moderate
143,Morocco,2014,0.2787366501803805,Moderate,0.27511057,Moderate
143,Morocco,2015,0.2221677222513584,Low,0.28068173,Moderate
143,Morocco,2016,0.2985548579870449,Moderate,0.2852258,Moderate
143,Morocco,2017,0.1134644077056063,Low,0.24328938,Moderate
143,Morocco,2018,0.2621758874731207,Moderate,0.29046232,Moderate
143,Morocco,2019,0.3764617592053501,Moderate,0.39405015,Moderate
143,Morocco,2020,0.2930725523139945,Moderate,0.3317644,Moderate
143,Morocco,2021,0.1782291108450316,Low,0.3758589,Moderate
143,Morocco,2022,0.3954296746784026,Moderate,0.36516607,Moderate
143,Morocco,2023,0.2903797330443468,Moderate,0.3882371,Moderate
144,Mozambique,2012,0.2596958642362114,Moderate,0.24572806,Moderate
144,Mozambique,2014,0.3062762111975035,Moderate,0.35728493,Moderate
144,Mozambique,2015,0.3758513064266657,Moderate,0.36008582,Moderate
144,Mozambique,2016,0.3431363582008451,Moderate,0.35144967,Moderate
144,Mozambique,2019,0.3467100107109818,Moderate,0.40965244,Moderate
144,Mozambique,2020,0.3063431595276316,Moderate,0.38447416,Moderate
144,Mozambique,2021,0.3058805456275142,Moderate,0.39401954,Moderate
144,Mozambique,2022,0.2799598565853647,Moderate,0.40225318,Moderate
144,Mozambique,2023,0.3835344789525031,Moderate,0.40378183,Moderate
28,Myanmar,2014,0.0557627831699302,Low,0.066736996,Low
28,Myanmar,2015,0.0620813383487457,Low,0.11742787,Low
28,Myanmar,2016,0.0560604770193888,Low,0.13658415,Low
28,Myanmar,2017,0.0600192865034228,Low,0.07692116,Low
28,Myanmar,2018,0.0572348192266631,Low,0.19248375,Low
28,Myanmar,2019,0.0611037948795054,Low,0.16809623,Low
28,Myanmar,2020,0.0537385690773353,Low,0.12124795,Low
28,Myanmar,2021,0.0745759239345686,Low,0.13149588,Low
28,Myanmar,2022,0.0813869961803423,Low,0.19263385,High
28,Myanmar,2023,0.0831677664750531,Low,0.1480185,Low
149,Nepal,2010,0.2428033982958443,Low,0.30040634,Moderate
149,Nepal,2011,0.2628588908175174,Moderate,0.3313467,Moderate
149,Nepal,2012,0.2611549573403242,Moderate,0.2986815,Moderate
149,Nepal,2013,0.3588274860449065,Moderate,0.33271986,Moderate
149,Nepal,2014,0.3839931553039162,Moderate,0.40812713,Moderate
149,Nepal,2016,0.4238931199068624,Moderate,0.41418955,Moderate
149,Nepal,2017,0.4016930452892424,Moderate,0.4140758,Moderate
149,Nepal,2018,0.4037769253297283,Moderate,0.40627187,Moderate
149,Nepal,2019,0.3622885346947472,Moderate,0.35307088,Moderate
149,Nepal,2021,0.4645633753871779,Moderate,0.51212823,High
149,Nepal,2022,0.3831652800150469,Moderate,0.40627012,Moderate
150,Netherlands (Kingdom of the),2019,0.1130119953899196,Low,0.12863001,Low
150,Netherlands (Kingdom of the),2020,0.1159034140123991,Low,0.10791395,Low
150,Netherlands (Kingdom of the),2021,0.1166187131148904,Low,0.077591516,Low
150,Netherlands (Kingdom of the),2022,0.1190708685615375,Low,0.018190129,Low
150,Netherlands (Kingdom of the),2023,0.104979077934099,Low,0.059223287,Low
156,New Zealand,2010,0.546799002378719,High,0.33262414,Low
156,New Zealand,2011,0.6059599236503571,High,0.56791127,High
156,New Zealand,2012,0.608208705306002,High,0.41706753,High
156,New Zealand,2013,0.5901227757429842,High,0.47908366,High
156,New Zealand,2014,0.6013391885391031,High,0.4763168,High
156,New Zealand,2015,0.5812992312103992,High,0.50336856,High
156,New Zealand,2016,0.5437459682254567,High,0.4230628,High
156,New Zealand,2017,0.5546902807739842,High,0.50016564,High
156,New Zealand,2018,0.5753531926136928,High,0.5075173,High
156,New Zealand,2019,0.5582500953107861,High,0.40708587,High
156,New Zealand,2020,0.4472887087652432,Moderate,0.42066398,Moderate
156,New Zealand,2021,0.5619500637594756,High,0.45683634,High
156,New Zealand,2022,0.5949969393073824,High,0.4638781,High
156,New Zealand,2023,0.5768920327778835,High,0.34753525,Moderate
158,Niger,2010,0.3628562798495527,Moderate,0.43444252,Moderate
158,Niger,2012,0.3504774908916481,Moderate,0.33348444,Moderate
158,Niger,2013,0.3700970788399301,Moderate,0.4373011,Moderate
158,Niger,2014,0.4606152227078773,Moderate,0.45680714,Moderate
158,Niger,2017,0.7323045321374592,High,0.54711115,High
158,Niger,2018,0.709444986420797,High,0.53052974,High
158,Niger,2019,0.5733535020644602,High,0.50553966,High
158,Niger,2020,0.3588805835923503,Moderate,0.40407255,Moderate
158,Niger,2023,0.6667550502816354,High,0.55720407,High
154,North Macedonia,2010,0.4602747110360844,Moderate,0.5019193,Moderate
154,North Macedonia,2011,0.4508943838840811,Moderate,0.48206758,Moderate
154,North Macedonia,2012,0.4143667833618767,Moderate,0.49569383,Moderate
154,North Macedonia,2013,0.4848170539950819,Moderate,0.44435716,Moderate
154,North Macedonia,2014,0.4594835279090329,Moderate,0.4807694,Moderate
154,North Macedonia,2015,0.5553447085929909,High,0.54071474,High
154,North Macedonia,2016,0.5168739826095035,High,0.53939193,High
154,North Macedonia,2017,0.5345125810151998,High,0.41550708,High
154,North Macedonia,2018,0.5407615507396009,High,0.5254567,High
154,North Macedonia,2019,0.5234445452667914,High,0.5021025,High
154,North Macedonia,2020,0.5156843633092003,High,0.5455769,High
154,North Macedonia,2021,0.5364555841811571,High,0.4855138,High
154,North Macedonia,2023,0.5923736248254741,High,0.44768178,High
165,Pakistan,2011,0.073951697719978,Low,0.05391556,Low
165,Pakistan,2012,0.0478741804379625,Low,0.05470334,Low
165,Pakistan,2013,0.0706994572769837,Low,0.08199962,Low
165,Pakistan,2014,0.0579026009285486,Low,0.06543209,Low
165,Pakistan,2016,0.0364532806501224,Low,0.06522887,Low
165,Pakistan,2017,0.030509381779057,Low,0.05487983,Low
165,Pakistan,2018,0.0510452874440545,Low,0.09264929,Low
165,Pakistan,2019,0.0514257394768449,Low,0.07889595,Low
165,Pakistan,2020,0.162487959007279,Low,0.1151209,Low
165,Pakistan,2021,0.1342597981822145,Low,0.064042054,Low
165,Pakistan,2022,0.0857086429947076,Low,0.11621888,Low
165,Pakistan,2023,0.1966409672006965,Low,0.062206995,Low
169,Paraguay,2010,0.1911904044332019,Low,0.16076207,Low
169,Paraguay,2011,0.1269163628270934,Low,0.15404743,Low
169,Paraguay,2013,0.1367047244456323,Low,0.13294105,Low
169,Paraguay,2015,0.2008445222098226,Low,0.14411235,Low
169,Paraguay,2017,0.1115819384339178,Low,0.11812935,Low
169,Paraguay,2019,0.1236913592229114,Low,0.13105436,Low
169,Paraguay,2021,0.2072599377420575,Low,0.16502056,Low
170,Peru,2010,0.3795743162164746,Moderate,0.37640315,Moderate
170,Peru,2011,0.3989013637096519,Moderate,0.4428758,Moderate
170,Peru,2012,0.3634213788162293,Moderate,0.40328822,Moderate
170,Peru,2013,0.3600807145008685,Moderate,0.3453132,Moderate
170,Peru,2014,0.4348007708860871,Moderate,0.37758183,Moderate
170,Peru,2015,0.4319254622525441,Moderate,0.39517793,Moderate
170,Peru,2016,0.4585041058963068,Moderate,0.49768797,Moderate
170,Peru,2017,0.4420799741398623,Moderate,0.50277406,Moderate
170,Peru,2018,0.4386872330711397,Moderate,0.50750554,Moderate
170,Peru,2019,0.4118497489801073,Moderate,0.4160539,Moderate
170,Peru,2020,0.4717379344637896,Moderate,0.4850614,Moderate
170,Peru,2021,0.4438362035283633,Moderate,0.50645196,Moderate
170,Peru,2022,0.3940224407350219,Moderate,0.5271318,Moderate
170,Peru,2023,0.4404435829220662,Moderate,0.48853362,Moderate
174,Portugal,2010,0.2969769475929879,Moderate,0.29248017,Moderate
174,Portugal,2011,0.2369190017156289,Low,0.23803833,Low
174,Portugal,2012,0.3081517957939846,Moderate,0.30164766,Moderate
174,Portugal,2013,0.3825218455276029,Moderate,0.29133585,Moderate
174,Portugal,2014,0.3472426769708429,Moderate,0.2966763,Moderate
174,Portugal,2015,0.3431074578056371,Moderate,0.27332687,Moderate
174,Portugal,2016,0.2403544468285809,Low,0.26321465,Low
174,Portugal,2017,0.387445868848894,Moderate,0.32355982,Moderate
174,Portugal,2018,0.3969593143004596,Moderate,0.30255026,Moderate
174,Portugal,2019,0.3261083192639378,Moderate,0.3294432,Moderate
174,Portugal,2020,0.361205805679354,Moderate,0.3216486,Moderate
174,Portugal,2021,0.3212813223895704,Moderate,0.31527674,Moderate
174,Portugal,2022,0.3794121139173718,Moderate,0.32426313,Moderate
174,Portugal,2023,0.1830884400001945,Low,0.32065597,Moderate
117,Republic of Korea,2010,0.2561795950137251,Moderate,0.2700045,Moderate
117,Republic of Korea,2011,0.32271069111115,Moderate,0.3042682,Moderate
117,Republic of Korea,2012,0.2530587424074489,Moderate,0.22456378,Moderate
117,Republic of Korea,2013,0.2641620302247557,Moderate,0.25407636,Moderate
117,Republic of Korea,2014,0.2343418838959457,Low,0.23886992,Low
117,Republic of Korea,2015,0.2009779607013384,Low,0.20904756,Low
117,Republic of Korea,2016,0.2261606626446804,Low,0.24225532,Low
117,Republic of Korea,2017,0.2327645172528291,Low,0.2424414,Low
117,Republic of Korea,2018,0.259738288597687,Moderate,0.26229635,Moderate
117,Republic of Korea,2019,0.2588195460078591,Moderate,0.24393304,Moderate
117,Republic of Korea,2020,0.2303744125793677,Low,0.2440593,Low
117,Republic of Korea,2021,0.2422808785465676,Low,0.27432916,Low
117,Republic of Korea,2022,0.2633156792598448,Moderate,0.25461346,Low
117,Republic of Korea,2023,0.2198819502109196,Low,0.25914225,Low
146,Republic of Moldova,2010,0.2486525340638789,Low,0.2090413,Low
146,Republic of Moldova,2011,0.2252862410520256,Low,0.14045788,Low
146,Republic of Moldova,2012,0.3200390054712397,Moderate,0.19197583,Low
146,Republic of Moldova,2013,0.238994074724496,Low,0.19464174,Low
146,Republic of Moldova,2014,0.2272443179725058,Low,0.16392085,Low
146,Republic of Moldova,2015,0.2336044615348503,Low,0.16558224,Low
146,Republic of Moldova,2016,0.2117715289142579,Low,0.17710571,Low
146,Republic of Moldova,2017,0.2588368096785391,Moderate,0.17615736,Moderate
146,Republic of Moldova,2018,0.2173112163022549,Low,0.17294198,Low
146,Republic of Moldova,2019,0.2499303888480196,Low,0.16834123,Low
146,Republic of Moldova,2021,0.1613472832926646,Low,0.16813757,Low
183,Romania,2010,0.2900512347548144,Moderate,0.28601027,Moderate
183,Romania,2011,0.1709939000160488,Low,0.21238744,Low
183,Romania,2012,0.33987036285103,Moderate,0.2867671,Moderate
183,Romania,2013,0.3356686589742728,Moderate,0.2730051,Moderate
183,Romania,2014,0.3498667861460225,Moderate,0.31201255,Moderate
183,Romania,2015,0.2595913175414032,Moderate,0.23037058,Moderate
183,Romania,2016,0.414320584466984,Moderate,0.27770704,Moderate
183,Romania,2017,0.2939327534083545,Moderate,0.2950153,Moderate
183,Romania,2018,0.2513898121951835,Moderate,0.26881194,Moderate
183,Romania,2019,0.2765959296205718,Moderate,0.28578112,Moderate
183,Romania,2020,0.417704861463804,Moderate,0.34769744,Moderate
183,Romania,2021,0.2980766470280188,Moderate,0.25448588,Moderate
183,Romania,2022,0.2795231952929867,Moderate,0.20077404,Moderate
183,Romania,2023,0.397245005695848,Moderate,0.2992277,Moderate
185,Russian Federation,2010,0.0616112311578653,Low,0.0851516,Low
185,Russian Federation,2011,0.029525623235688,Low,0.077485286,Low
185,Russian Federation,2012,0.1838858405674124,Low,0.15138806,Low
185,Russian Federation,2013,0.0893506988624939,Low,0.082149,Low
185,Russian Federation,2014,0.0603872185263872,Low,0.06498366,Low
185,Russian Federation,2015,0.0554408373046893,Low,0.06804622,Low
185,Russian Federation,2016,0.0525603690383663,Low,0.07027529,Low
185,Russian Federation,2017,0.0435595362321532,Low,0.0658015,Low
185,Russian Federation,2018,0.1352671322737734,Low,0.12134674,Low
185,Russian Federation,2019,0.0604892424723435,Low,0.07485211,Low
185,Russian Federation,2020,0.0655715689490272,Low,0.10841857,Low
185,Russian Federation,2021,0.0639484427000251,Low,0.11528424,Low
184,Rwanda,2010,0.4997464865145632,Moderate,0.45502347,Moderate
184,Rwanda,2011,0.3099957173519069,Moderate,0.33159137,Moderate
184,Rwanda,2012,0.3889947930203081,Moderate,0.36177438,Moderate
184,Rwanda,2013,0.4061522663990636,Moderate,0.3484108,Moderate
184,Rwanda,2014,0.4371061529205977,Moderate,0.36932305,Moderate
184,Rwanda,2015,0.542878485234671,High,0.4743527,High
184,Rwanda,2016,0.5337015206486324,High,0.4929933,High
184,Rwanda,2017,0.5013054537774494,High,0.48550996,High
184,Rwanda,2018,0.6080261648313227,High,0.5504719,High
184,Rwanda,2019,0.4094164798509541,Moderate,0.38118008,Moderate
184,Rwanda,2020,0.4588798383008819,Moderate,0.46924868,Moderate
184,Rwanda,2021,0.4432350972969295,Moderate,0.3953357,Moderate
184,Rwanda,2022,0.357262114015024,Moderate,0.3970973,Moderate
194,Saudi Arabia,2010,0.3361285029556586,Moderate,0.36870918,Moderate
194,Saudi Arabia,2011,0.2608061386461205,Moderate,0.29159784,Moderate
194,Saudi Arabia,2012,0.2624222157687437,Moderate,0.2917041,Moderate
194,Saudi Arabia,2013,0.2594598993580737,Moderate,0.28985107,Moderate
194,Saudi Arabia,2014,0.3194676404267492,Moderate,0.33329093,Moderate
194,Saudi Arabia,2015,0.3929713739796936,Moderate,0.3496498,Moderate
194,Saudi Arabia,2016,0.380840500916335,Moderate,0.3608443,Moderate
194,Saudi Arabia,2017,0.4000759204665701,Moderate,0.36401194,Moderate
194,Saudi Arabia,2018,0.3617732383780664,Moderate,0.32461116,Moderate
194,Saudi Arabia,2019,0.4034787611406771,Moderate,0.34852016,Moderate
194,Saudi Arabia,2020,0.4038075222877691,Moderate,0.37721187,Moderate
194,Saudi Arabia,2021,0.2725473189275206,Moderate,0.38033238,Moderate
194,Saudi Arabia,2022,0.3670578916407372,Moderate,0.36965156,Moderate
194,Saudi Arabia,2023,0.3778813770295184,Moderate,0.37122723,Moderate
199,Slovakia,2019,0.319398315656944,Moderate,0.30458158,Moderate
199,Slovakia,2020,0.3494722405486989,Moderate,0.3702998,Moderate
199,Slovakia,2021,0.3900807381533993,Moderate,0.20476432,Moderate
199,Slovakia,2023,0.3221406019297746,Moderate,0.2739214,Moderate
198,Slovenia,2019,0.4588856682763647,Moderate,0.4997065,Moderate
198,Slovenia,2020,0.4980363609745141,Moderate,0.5014224,Moderate
198,Slovenia,2021,0.6593554963138902,High,0.49128932,Moderate
198,Slovenia,2022,0.5501689633529584,High,0.3659181,Moderate
198,Slovenia,2023,0.5188005467932519,High,0.47176763,Moderate
202,South Africa,2010,0.2471063665628148,Low,0.18129815,Low
202,South Africa,2011,0.2433810755913019,Low,0.23041078,Low
202,South Africa,2012,0.2031592211596052,Low,0.20143747,Low
202,South Africa,2013,0.1233611404886739,Low,0.14293194,Low
202,South Africa,2014,0.2926810233483766,Moderate,0.2454157,Low
202,South Africa,2015,0.2498870182117822,Low,0.26912948,Low
202,South Africa,2016,0.2668375508372496,Moderate,0.3167477,Moderate
202,South Africa,2017,0.1077600709663669,Low,0.12756611,Low
202,South Africa,2018,0.1306932862231677,Low,0.13656113,Low
202,South Africa,2019,0.2046195172116761,Low,0.23013319,Low
202,South Africa,2020,0.1912542287331254,Low,0.19123338,Low
202,South Africa,2021,0.1249014939307575,Low,0.15524189,Low
202,South Africa,2022,0.0980375377748694,Low,0.14028032,Low
202,South Africa,2023,0.1881550827378172,Low,0.13605791,Low
203,Spain,2010,0.0367464712047035,Low,0.02867083,Low
203,Spain,2011,0.0334143356504286,Low,0.03519103,Low
203,Spain,2012,0.04374752835646,Low,0.07763192,Low
203,Spain,2013,0.1280927251889748,Low,0.11604465,Low
203,Spain,2014,0.0657885991330422,Low,0.06571706,Low
203,Spain,2015,0.0313025004900735,Low,0.056869272,Low
203,Spain,2016,0.0246478714000664,Low,0.077173874,Low
203,Spain,2017,0.0514206923480462,Low,0.046756685,Low
203,Spain,2018,0.0237673288905858,Low,0.0445951,Low
203,Spain,2019,0.0624201416074859,Low,0.10205209,Low
203,Spain,2020,0.0271574800247075,Low,0.04269063,Low
203,Spain,2021,0.0266672986225949,Low,0.047141165,Low
203,Spain,2022,0.0295767495006003,Low,0.13094378,Low
203,Spain,2023,0.0713007164765306,Low,0.18346964,Low
210,Sweden,2019,0.0643992064034835,Low,0.10584999,Low
210,Sweden,2020,0.1351428408310536,Low,0.20672089,Low
210,Sweden,2021,0.1217856708357578,Low,0.31682843,Moderate
210,Sweden,2022,0.0706093335496037,Low,0.33535743,Moderate
210,Sweden,2023,0.1567730208470434,Low,0.27184054,Moderate
212,Syrian Arab Republic,2010,0.2857286519708171,Moderate,0.3107451,Moderate
208,Tajikistan,2016,0.6552203040604957,High,0.6265257,High
208,Tajikistan,2017,0.6537203115762722,High,0.62441176,High
208,Tajikistan,2019,0.6596664624495154,High,0.6082108,High
208,Tajikistan,2020,0.64391868337223,High,0.625681,High
208,Tajikistan,2023,0.6720491732197826,High,0.4335216,Moderate
216,Thailand,2010,0.0532902918653194,Low,0.11375846,Low
216,Thailand,2011,0.0720313417709335,Low,0.09288719,Low
216,Thailand,2012,0.1117958065950379,Low,0.098246664,Low
216,Thailand,2013,0.06419510476885,Low,0.094278425,Low
216,Thailand,2014,0.0564487525514729,Low,0.095552295,Low
216,Thailand,2015,0.0910550000750875,Low,0.12835333,Low
216,Thailand,2016,0.0926184687269614,Low,0.1016739,Low
216,Thailand,2017,0.0882937775544828,Low,0.1033329,Low
216,Thailand,2018,0.0703767731770688,Low,0.12001539,Low
216,Thailand,2019,0.0879473961148172,Low,0.18925467,Low
216,Thailand,2020,0.0661679638856072,Low,0.24272658,Low
216,Thailand,2021,0.0931218074211042,Low,0.40129468,High
216,Thailand,2022,0.0889814333341279,Low,0.24828213,Moderate
216,Thailand,2023,0.1096731239698596,Low,0.26668024,Moderate
223,Türkiye,2010,0.2388911522154305,Low,0.19725053,Low
223,Türkiye,2011,0.1448031287165652,Low,0.15724353,Low
223,Türkiye,2012,0.3310242299878795,Moderate,0.30083346,Moderate
223,Türkiye,2013,0.2801582830467718,Moderate,0.3239873,Moderate
223,Türkiye,2014,0.3816463967292356,Moderate,0.3460972,Moderate
223,Türkiye,2015,0.3165461689976905,Moderate,0.2868825,Moderate
223,Türkiye,2016,0.332279026409828,Moderate,0.30098456,Moderate
223,Türkiye,2017,0.3007493987119206,Moderate,0.2938374,Moderate
223,Türkiye,2018,0.4774286073619382,Moderate,0.3335934,Moderate
223,Türkiye,2019,0.3691387651493953,Moderate,0.27549702,Moderate
223,Türkiye,2020,0.2905170358132354,Moderate,0.19155088,Moderate
223,Türkiye,2021,0.146970079211157,Low,0.2855465,Moderate
223,Türkiye,2022,0.1495516802161025,Low,0.27080315,Moderate
223,Türkiye,2023,0.2175293182746242,Low,0.31006822,Moderate
226,Uganda,2010,0.117388636760255,Low,0.14060055,Low
226,Uganda,2011,0.1106474375281327,Low,0.15369897,Low
226,Uganda,2012,0.1448717330524171,Low,0.16368638,Low
226,Uganda,2013,0.1204613047811574,Low,0.12010129,Low
226,Uganda,2014,0.125955809543783,Low,0.09549687,Low
226,Uganda,2015,0.1326273161950536,Low,0.12364016,Low
226,Uganda,2016,0.0967052305900328,Low,0.14741983,Low
226,Uganda,2017,0.132512943160288,Low,0.15971857,Low
226,Uganda,2018,0.1674916365610436,Low,0.11988837,Low
226,Uganda,2019,0.1658636806523838,Low,0.19624422,Low
226,Uganda,2020,0.1826377098013855,Low,0.16919278,Low
226,Uganda,2021,0.3125183989273127,Moderate,0.23935543,Moderate
226,Uganda,2022,0.2471622341534952,Low,0.19129035,Low
226,Uganda,2023,0.2154156732514666,Low,0.15931627,Low
230,Ukraine,2010,0.0262027763633842,Low,0.086783305,Low
230,Ukraine,2011,0.0326472724847017,Low,0.049410217,Low
230,Ukraine,2012,0.0417695498187016,Low,0.050821975,Low
230,Ukraine,2013,0.0337636950357288,Low,0.054794647,Low
230,Ukraine,2014,0.030758794140939,Low,0.039645206,Low
230,Ukraine,2015,0.0172315568911357,Low,0.04058567,Low
230,Ukraine,2016,0.0150463423621042,Low,0.075017564,Low
230,Ukraine,2017,0.0264897553152461,Low,0.057713255,Low
230,Ukraine,2018,0.033560292985075,Low,0.07626523,Low
230,Ukraine,2019,0.0187677224176067,Low,0.066488914,Low
230,Ukraine,2020,0.0608737618151355,Low,0.065959774,Low
230,Ukraine,2021,0.0426529223350372,Low,0.25927424,Moderate
230,Ukraine,2023,0.133328744383519,Low,0.05791439,Low
215,United Republic of Tanzania,2010,0.0801147286967145,Low,0.111380085,Low
215,United Republic of Tanzania,2011,0.1092851374617217,Low,0.15756188,Low
215,United Republic of Tanzania,2012,0.1049788621717811,Low,0.15084986,Low
215,United Republic of Tanzania,2013,0.1712650579228556,Low,0.15156506,Low
215,United Republic of Tanzania,2014,0.0855046082977707,Low,0.094333686,Low
215,United Republic of Tanzania,2015,0.1045219068716348,Low,0.13400777,Low
215,United Republic of Tanzania,2016,0.0920661884886965,Low,0.08480613,Low
215,United Republic of Tanzania,2017,0.124347877241261,Low,0.11195049,Low
215,United Republic of Tanzania,2019,0.1478152966986798,Low,0.14358559,Low
215,United Republic of Tanzania,2020,0.1244597931954594,Low,0.1407582,Low
215,United Republic of Tanzania,2021,0.0857436173957424,Low,0.10749407,Low
215,United Republic of Tanzania,2022,0.1158778507435721,Low,0.13464741,Low
215,United Republic of Tanzania,2023,0.1689082925921168,Low,0.118645966,Low
231,United States of America,2010,0.1485741014514953,Low,0.1707425,Low
231,United States of America,2011,0.2795047339551962,Moderate,0.23084688,Low
231,United States of America,2012,0.0873590084468205,Low,0.11997552,Low
231,United States of America,2013,0.1182227905187946,Low,0.10751594,Low
231,United States of America,2014,0.0941597522340346,Low,0.11159553,Low
231,United States of America,2015,0.1560422278655272,Low,0.10887894,Low
231,United States of America,2016,0.1501725514933847,Low,0.13229233,Low
231,United States of America,2017,0.2520053318226085,Moderate,0.14908995,Low
231,United States of America,2018,0.1975405961451427,Low,0.15293741,Low
231,United States of America,2019,0.1061756778051385,Low,0.12278329,Low
231,United States of America,2020,0.1127452104208443,Low,0.12517019,Low
231,United States of America,2021,0.1297595757962526,Low,0.14458887,Low
231,United States of America,2022,0.1213588326595854,Low,0.092340425,Low
231,United States of America,2023,0.0910671327086742,Low,0.08974573,Low
234,Uruguay,2011,0.587835936481079,High,0.44934738,Moderate
234,Uruguay,2014,0.6145929549777805,High,0.5525144,High
234,Uruguay,2015,0.5623931414860159,High,0.51978266,High
234,Uruguay,2018,0.5443810181292527,High,0.4261906,High
234,Uruguay,2021,0.5069409802631215,High,0.34588128,Moderate
235,Uzbekistan,2018,0.6226120870792481,High,0.52509016,High
235,Uzbekistan,2020,0.5601427468436857,High,0.48058304,High
235,Uzbekistan,2021,0.5804200808860855,High,0.30394176,Low
235,Uzbekistan,2022,0.5640157360792037,High,0.18677546,Low
235,Uzbekistan,2023,0.5798568547797023,High,0.23625214,Low
236,Venezuela (Bolivarian Republic of),2010,0.4558106976898313,Moderate,0.4403354,Moderate
236,Venezuela (Bolivarian Republic of),2011,0.4409622315175864,Moderate,0.42171255,Moderate
236,Venezuela (Bolivarian Republic of),2012,0.4653489208006388,Moderate,0.4410503,Moderate
236,Venezuela (Bolivarian Republic of),2013,0.4620440553056651,Moderate,0.4217601,Moderate
236,Venezuela (Bolivarian Republic of),2015,0.4152967409451846,Moderate,0.37327468,Moderate
236,Venezuela (Bolivarian Republic of),2022,0.331563069030079,Moderate,0.37112397,Moderate
236,Venezuela (Bolivarian Republic of),2023,0.4403421482326214,Moderate,0.42563012,Moderate
237,Viet Nam,2012,0.1127677977120861,Low,0.28039598,Low
237,Viet Nam,2013,0.0942787232944654,Low,0.1719662,Low
237,Viet Nam,2014,0.0962587590254863,Low,0.2681329,Moderate
237,Viet Nam,2015,0.1001039695447302,Low,0.32312763,Moderate
237,Viet Nam,2016,0.0954910776969888,Low,0.2690855,Low
237,Viet Nam,2017,0.1008950691963334,Low,0.27634984,Low
237,Viet Nam,2018,0.0999170900913051,Low,0.2915235,Moderate
237,Viet Nam,2019,0.1084705488113653,Low,0.31408975,Moderate
237,Viet Nam,2020,0.0951206441271389,Low,0.2785183,Low
237,Viet Nam,2021,0.2370841671709666,Low,0.31246212,Moderate
237,Viet Nam,2022,0.2121458931684468,Low,0.31321722,Moderate
237,Viet Nam,2023,0.1996193734968629,Low,0.29292306,Moderate
251,Zambia,2010,0.068273045065898,Low,0.09224424,Low
251,Zambia,2011,0.1033762613831928,Low,0.11665791,Low
251,Zambia,2012,0.1254156697212115,Low,0.12477269,Low
251,Zambia,2013,0.050486936637845,Low,0.08277544,Low
251,Zambia,2014,0.0632400714995571,Low,0.07532254,Low
251,Zambia,2015,0.0879637013095449,Low,0.07584368,Low
251,Zambia,2016,0.0754668438725383,Low,0.077198245,Low
251,Zambia,2017,0.0605472457595643,Low,0.05439721,Low
251,Zambia,2018,0.0695128907954169,Low,0.07638349,Low
251,Zambia,2019,0.0791660028529112,Low,0.08975349,Low
251,Zambia,2020,0.0920328719072114,Low,0.075017855,Low
251,Zambia,2021,0.0626935711426593,Low,0.078948624,Low
251,Zambia,2022,0.0940275700317501,Low,0.11027401,Low
251,Zambia,2023,0.0995315978053881,Low,0.10490232,Low
181,Zimbabwe,2010,0.3222150878995702,Moderate,0.36527872,Moderate
181,Zimbabwe,2011,0.3264594095710063,Moderate,0.41083658,Moderate
181,Zimbabwe,2012,0.4619798737998045,Moderate,0.51659095,Moderate
181,Zimbabwe,2013,0.387328148229893,Moderate,0.4038158,Moderate
181,Zimbabwe,2014,0.3821666151691487,Moderate,0.40733075,Moderate
181,Zimbabwe,2015,0.6245426353134019,High,0.638262,High
181,Zimbabwe,2016,0.258933552132316,Moderate,0.33058375,Moderate
181,Zimbabwe,2017,0.2573110001405474,Moderate,0.3167583,Moderate
181,Zimbabwe,2018,0.1940686592925997,Low,0.24858148,Low
181,Zimbabwe,2019,0.2433472231187987,Low,0.2868269,Low
181,Zimbabwe,2023,0.5719932693485856,High,0.5468757,High
