rank,area_code,m49_code,area,is_aggregate,trade_value_1000_usd_2005_2024,avg_annual_trade_value_1000_usd,selection_period,rank_metric
1,2,'004,Afghanistan,False,,,2005-2024,"commodity_filter: all non-aggregate areas, staple items only"
2,3,'008,Albania,False,,,2005-2024,"commodity_filter: all non-aggregate areas, staple items only"
3,4,'012,Algeria,False,,,2005-2024,"commodity_filter: all non-aggregate areas, staple items only"
4,7,'024,Angola,False,,,2005-2024,"commodity_filter: all non-aggregate areas, staple items only"
5,8,'028,Antigua and Barbuda,False,,,2005-2024,"commodity_filter: all non-aggregate areas, staple items only"
6,9,'032,Argentina,False,,,2005-2024,"commodity_filter: all non-aggregate areas, staple items only"
7,1,'051,Armenia,False,,,2005-2024,"commodity_filter: all non-aggregate areas, staple items only"
8,10,'036,Australia,False,,,2005-2024,"commodity_filter: all non-aggregate areas, staple items only"
9,11,'040,Austria,False,,,2005-2024,"commodity_filter: all non-aggregate areas, staple items only"
10,52,'031,Azerbaijan,False,,,2005-2024,"commodity_filter: all non-aggregate areas, staple items only"
11,12,'044,Bahamas,False,,,2005-2024,"commodity_filter: all non-aggregate areas, staple items only"
12,13,'048,Bahrain,False,,,2005-2024,"commodity_filter: all non-aggregate areas, staple items only"
13,16,'050,Bangladesh,False,,,2005-2024,"commodity_filter: all non-aggregate areas, staple items only"
14,14,'052,Barbados,False,,,2005-2024,"commodity_filter: all non-aggregate areas, staple items only"
15,57,'112,Belarus,False,,,2005-2024,"commodity_filter: all non-aggregate areas, staple items only"
16,255,'056,Belgium,False,,,2005-2024,"commodity_filter: all non-aggregate areas, staple items only"
17,15,'058,Belgium-Luxembourg,False,,,2005-2024,"commodity_filter: all non-aggregate areas, staple items only"
18,23,'084,Belize,False,,,2005-2024,"commodity_filter: all non-aggregate areas, staple items only"
19,53,'204,Benin,False,,,2005-2024,"commodity_filter: all non-aggregate areas, staple items only"
20,18,'064,Bhutan,False,,,2005-2024,"commodity_filter: all non-aggregate areas, staple items only"
21,19,'068,Bolivia (Plurinational State of),False,,,2005-2024,"commodity_filter: all non-aggregate areas, staple items only"
22,80,'070,Bosnia and Herzegovina,False,,,2005-2024,"commodity_filter: all non-aggregate areas, staple items only"
23,20,'072,Botswana,False,,,2005-2024,"commodity_filter: all non-aggregate areas, staple items only"
24,21,'076,Brazil,False,,,2005-2024,"commodity_filter: all non-aggregate areas, staple items only"
25,26,'096,Brunei Darussalam,False,,,2005-2024,"commodity_filter: all non-aggregate areas, staple items only"
26,27,'100,Bulgaria,False,,,2005-2024,"commodity_filter: all non-aggregate areas, staple items only"
27,233,'854,Burkina Faso,False,,,2005-2024,"commodity_filter: all non-aggregate areas, staple items only"
28,29,'108,Burundi,False,,,2005-2024,"commodity_filter: all non-aggregate areas, staple items only"
29,35,'132,Cabo Verde,False,,,2005-2024,"commodity_filter: all non-aggregate areas, staple items only"
30,115,'116,Cambodia,False,,,2005-2024,"commodity_filter: all non-aggregate areas, staple items only"
31,32,'120,Cameroon,False,,,2005-2024,"commodity_filter: all non-aggregate areas, staple items only"
32,33,'124,Canada,False,,,2005-2024,"commodity_filter: all non-aggregate areas, staple items only"
33,37,'140,Central African Republic,False,,,2005-2024,"commodity_filter: all non-aggregate areas, staple items only"
34,39,'148,Chad,False,,,2005-2024,"commodity_filter: all non-aggregate areas, staple items only"
35,40,'152,Chile,False,,,2005-2024,"commodity_filter: all non-aggregate areas, staple items only"
36,96,'344,China; Hong Kong SAR,False,,,2005-2024,"commodity_filter: all non-aggregate areas, staple items only"
37,128,'446,China; Macao SAR,False,,,2005-2024,"commodity_filter: all non-aggregate areas, staple items only"
38,41,'156,China; mainland,False,,,2005-2024,"commodity_filter: all non-aggregate areas, staple items only"
39,214,'158,China; Taiwan Province of,False,,,2005-2024,"commodity_filter: all non-aggregate areas, staple items only"
40,44,'170,Colombia,False,,,2005-2024,"commodity_filter: all non-aggregate areas, staple items only"
41,45,'174,Comoros,False,,,2005-2024,"commodity_filter: all non-aggregate areas, staple items only"
42,46,'178,Congo,False,,,2005-2024,"commodity_filter: all non-aggregate areas, staple items only"
43,47,'184,Cook Islands,False,,,2005-2024,"commodity_filter: all non-aggregate areas, staple items only"
44,48,'188,Costa Rica,False,,,2005-2024,"commodity_filter: all non-aggregate areas, staple items only"
45,107,'384,Côte d'Ivoire,False,,,2005-2024,"commodity_filter: all non-aggregate areas, staple items only"
46,98,'191,Croatia,False,,,2005-2024,"commodity_filter: all non-aggregate areas, staple items only"
47,49,'192,Cuba,False,,,2005-2024,"commodity_filter: all non-aggregate areas, staple items only"
48,50,'196,Cyprus,False,,,2005-2024,"commodity_filter: all non-aggregate areas, staple items only"
49,167,'203,Czechia,False,,,2005-2024,"commodity_filter: all non-aggregate areas, staple items only"
50,51,'200,Czechoslovakia,False,,,2005-2024,"commodity_filter: all non-aggregate areas, staple items only"
51,116,'408,Democratic People's Republic of Korea,False,,,2005-2024,"commodity_filter: all non-aggregate areas, staple items only"
52,250,'180,Democratic Republic of the Congo,False,,,2005-2024,"commodity_filter: all non-aggregate areas, staple items only"
53,54,'208,Denmark,False,,,2005-2024,"commodity_filter: all non-aggregate areas, staple items only"
54,72,'262,Djibouti,False,,,2005-2024,"commodity_filter: all non-aggregate areas, staple items only"
55,55,'212,Dominica,False,,,2005-2024,"commodity_filter: all non-aggregate areas, staple items only"
56,56,'214,Dominican Republic,False,,,2005-2024,"commodity_filter: all non-aggregate areas, staple items only"
57,58,'218,Ecuador,False,,,2005-2024,"commodity_filter: all non-aggregate areas, staple items only"
58,59,'818,Egypt,False,,,2005-2024,"commodity_filter: all non-aggregate areas, staple items only"
59,60,'222,El Salvador,False,,,2005-2024,"commodity_filter: all non-aggregate areas, staple items only"
60,61,'226,Equatorial Guinea,False,,,2005-2024,"commodity_filter: all non-aggregate areas, staple items only"
61,178,'232,Eritrea,False,,,2005-2024,"commodity_filter: all non-aggregate areas, staple items only"
62,63,'233,Estonia,False,,,2005-2024,"commodity_filter: all non-aggregate areas, staple items only"
63,209,'748,Eswatini,False,,,2005-2024,"commodity_filter: all non-aggregate areas, staple items only"
64,238,'231,Ethiopia,False,,,2005-2024,"commodity_filter: all non-aggregate areas, staple items only"
65,62,'230,Ethiopia PDR,False,,,2005-2024,"commodity_filter: all non-aggregate areas, staple items only"
66,64,'234,Faroe Islands,False,,,2005-2024,"commodity_filter: all non-aggregate areas, staple items only"
67,66,'242,Fiji,False,,,2005-2024,"commodity_filter: all non-aggregate areas, staple items only"
68,67,'246,Finland,False,,,2005-2024,"commodity_filter: all non-aggregate areas, staple items only"
69,68,'250,France,False,,,2005-2024,"commodity_filter: all non-aggregate areas, staple items only"
70,69,'254,French Guiana,False,,,2005-2024,"commodity_filter: all non-aggregate areas, staple items only"
71,70,'258,French Polynesia,False,,,2005-2024,"commodity_filter: all non-aggregate areas, staple items only"
72,74,'266,Gabon,False,,,2005-2024,"commodity_filter: all non-aggregate areas, staple items only"
73,75,'270,Gambia,False,,,2005-2024,"commodity_filter: all non-aggregate areas, staple items only"
74,73,'268,Georgia,False,,,2005-2024,"commodity_filter: all non-aggregate areas, staple items only"
75,79,'276,Germany,False,,,2005-2024,"commodity_filter: all non-aggregate areas, staple items only"
76,81,'288,Ghana,False,,,2005-2024,"commodity_filter: all non-aggregate areas, staple items only"
77,84,'300,Greece,False,,,2005-2024,"commodity_filter: all non-aggregate areas, staple items only"
78,86,'308,Grenada,False,,,2005-2024,"commodity_filter: all non-aggregate areas, staple items only"
79,87,'312,Guadeloupe,False,,,2005-2024,"commodity_filter: all non-aggregate areas, staple items only"
80,89,'320,Guatemala,False,,,2005-2024,"commodity_filter: all non-aggregate areas, staple items only"
81,90,'324,Guinea,False,,,2005-2024,"commodity_filter: all non-aggregate areas, staple items only"
82,175,'624,Guinea-Bissau,False,,,2005-2024,"commodity_filter: all non-aggregate areas, staple items only"
83,91,'328,Guyana,False,,,2005-2024,"commodity_filter: all non-aggregate areas, staple items only"
84,93,'332,Haiti,False,,,2005-2024,"commodity_filter: all non-aggregate areas, staple items only"
85,95,'340,Honduras,False,,,2005-2024,"commodity_filter: all non-aggregate areas, staple items only"
86,97,'348,Hungary,False,,,2005-2024,"commodity_filter: all non-aggregate areas, staple items only"
87,99,'352,Iceland,False,,,2005-2024,"commodity_filter: all non-aggregate areas, staple items only"
88,100,'356,India,False,,,2005-2024,"commodity_filter: all non-aggregate areas, staple items only"
89,101,'360,Indonesia,False,,,2005-2024,"commodity_filter: all non-aggregate areas, staple items only"
90,102,'364,Iran (Islamic Republic of),False,,,2005-2024,"commodity_filter: all non-aggregate areas, staple items only"
91,103,'368,Iraq,False,,,2005-2024,"commodity_filter: all non-aggregate areas, staple items only"
92,104,'372,Ireland,False,,,2005-2024,"commodity_filter: all non-aggregate areas, staple items only"
93,105,'376,Israel,False,,,2005-2024,"commodity_filter: all non-aggregate areas, staple items only"
94,106,'380,Italy,False,,,2005-2024,"commodity_filter: all non-aggregate areas, staple items only"
95,109,'388,Jamaica,False,,,2005-2024,"commodity_filter: all non-aggregate areas, staple items only"
96,110,'392,Japan,False,,,2005-2024,"commodity_filter: all non-aggregate areas, staple items only"
97,112,'400,Jordan,False,,,2005-2024,"commodity_filter: all non-aggregate areas, staple items only"
98,108,'398,Kazakhstan,False,,,2005-2024,"commodity_filter: all non-aggregate areas, staple items only"
99,114,'404,Kenya,False,,,2005-2024,"commodity_filter: all non-aggregate areas, staple items only"
100,83,'296,Kiribati,False,,,2005-2024,"commodity_filter: all non-aggregate areas, staple items only"
101,118,'414,Kuwait,False,,,2005-2024,"commodity_filter: all non-aggregate areas, staple items only"
102,113,'417,Kyrgyzstan,False,,,2005-2024,"commodity_filter: all non-aggregate areas, staple items only"
103,120,'418,Lao People's Democratic Republic,False,,,2005-2024,"commodity_filter: all non-aggregate areas, staple items only"
104,119,'428,Latvia,False,,,2005-2024,"commodity_filter: all non-aggregate areas, staple items only"
105,121,'422,Lebanon,False,,,2005-2024,"commodity_filter: all non-aggregate areas, staple items only"
106,122,'426,Lesotho,False,,,2005-2024,"commodity_filter: all non-aggregate areas, staple items only"
107,123,'430,Liberia,False,,,2005-2024,"commodity_filter: all non-aggregate areas, staple items only"
108,124,'434,Libya,False,,,2005-2024,"commodity_filter: all non-aggregate areas, staple items only"
109,126,'440,Lithuania,False,,,2005-2024,"commodity_filter: all non-aggregate areas, staple items only"
110,256,'442,Luxembourg,False,,,2005-2024,"commodity_filter: all non-aggregate areas, staple items only"
111,129,'450,Madagascar,False,,,2005-2024,"commodity_filter: all non-aggregate areas, staple items only"
112,130,'454,Malawi,False,,,2005-2024,"commodity_filter: all non-aggregate areas, staple items only"
113,131,'458,Malaysia,False,,,2005-2024,"commodity_filter: all non-aggregate areas, staple items only"
114,132,'462,Maldives,False,,,2005-2024,"commodity_filter: all non-aggregate areas, staple items only"
115,133,'466,Mali,False,,,2005-2024,"commodity_filter: all non-aggregate areas, staple items only"
116,134,'470,Malta,False,,,2005-2024,"commodity_filter: all non-aggregate areas, staple items only"
117,127,'584,Marshall Islands,False,,,2005-2024,"commodity_filter: all non-aggregate areas, staple items only"
118,135,'474,Martinique,False,,,2005-2024,"commodity_filter: all non-aggregate areas, staple items only"
119,136,'478,Mauritania,False,,,2005-2024,"commodity_filter: all non-aggregate areas, staple items only"
120,137,'480,Mauritius,False,,,2005-2024,"commodity_filter: all non-aggregate areas, staple items only"
121,138,'484,Mexico,False,,,2005-2024,"commodity_filter: all non-aggregate areas, staple items only"
122,145,'583,Micronesia (Federated States of),False,,,2005-2024,"commodity_filter: all non-aggregate areas, staple items only"
123,141,'496,Mongolia,False,,,2005-2024,"commodity_filter: all non-aggregate areas, staple items only"
124,273,'499,Montenegro,False,,,2005-2024,"commodity_filter: all non-aggregate areas, staple items only"
125,143,'504,Morocco,False,,,2005-2024,"commodity_filter: all non-aggregate areas, staple items only"
126,144,'508,Mozambique,False,,,2005-2024,"commodity_filter: all non-aggregate areas, staple items only"
127,28,'104,Myanmar,False,,,2005-2024,"commodity_filter: all non-aggregate areas, staple items only"
128,147,'516,Namibia,False,,,2005-2024,"commodity_filter: all non-aggregate areas, staple items only"
129,148,'520,Naoero,False,,,2005-2024,"commodity_filter: all non-aggregate areas, staple items only"
130,149,'524,Nepal,False,,,2005-2024,"commodity_filter: all non-aggregate areas, staple items only"
131,150,'528,Netherlands (Kingdom of the),False,,,2005-2024,"commodity_filter: all non-aggregate areas, staple items only"
132,153,'540,New Caledonia,False,,,2005-2024,"commodity_filter: all non-aggregate areas, staple items only"
133,156,'554,New Zealand,False,,,2005-2024,"commodity_filter: all non-aggregate areas, staple items only"
134,157,'558,Nicaragua,False,,,2005-2024,"commodity_filter: all non-aggregate areas, staple items only"
135,158,'562,Niger,False,,,2005-2024,"commodity_filter: all non-aggregate areas, staple items only"
136,159,'566,Nigeria,False,,,2005-2024,"commodity_filter: all non-aggregate areas, staple items only"
137,160,'570,Niue,False,,,2005-2024,"commodity_filter: all non-aggregate areas, staple items only"
138,154,'807,North Macedonia,False,,,2005-2024,"commodity_filter: all non-aggregate areas, staple items only"
139,162,'578,Norway,False,,,2005-2024,"commodity_filter: all non-aggregate areas, staple items only"
140,221,'512,Oman,False,,,2005-2024,"commodity_filter: all non-aggregate areas, staple items only"
141,165,'586,Pakistan,False,,,2005-2024,"commodity_filter: all non-aggregate areas, staple items only"
142,180,'585,Palau,False,,,2005-2024,"commodity_filter: all non-aggregate areas, staple items only"
143,299,'275,Palestine,False,,,2005-2024,"commodity_filter: all non-aggregate areas, staple items only"
144,166,'591,Panama,False,,,2005-2024,"commodity_filter: all non-aggregate areas, staple items only"
145,168,'598,Papua New Guinea,False,,,2005-2024,"commodity_filter: all non-aggregate areas, staple items only"
146,169,'600,Paraguay,False,,,2005-2024,"commodity_filter: all non-aggregate areas, staple items only"
147,170,'604,Peru,False,,,2005-2024,"commodity_filter: all non-aggregate areas, staple items only"
148,171,'608,Philippines,False,,,2005-2024,"commodity_filter: all non-aggregate areas, staple items only"
149,173,'616,Poland,False,,,2005-2024,"commodity_filter: all non-aggregate areas, staple items only"
150,174,'620,Portugal,False,,,2005-2024,"commodity_filter: all non-aggregate areas, staple items only"
151,179,'634,Qatar,False,,,2005-2024,"commodity_filter: all non-aggregate areas, staple items only"
152,117,'410,Republic of Korea,False,,,2005-2024,"commodity_filter: all non-aggregate areas, staple items only"
153,146,'498,Republic of Moldova,False,,,2005-2024,"commodity_filter: all non-aggregate areas, staple items only"
154,182,'638,Réunion,False,,,2005-2024,"commodity_filter: all non-aggregate areas, staple items only"
155,183,'642,Romania,False,,,2005-2024,"commodity_filter: all non-aggregate areas, staple items only"
156,185,'643,Russian Federation,False,,,2005-2024,"commodity_filter: all non-aggregate areas, staple items only"
157,184,'646,Rwanda,False,,,2005-2024,"commodity_filter: all non-aggregate areas, staple items only"
158,188,'659,Saint Kitts and Nevis,False,,,2005-2024,"commodity_filter: all non-aggregate areas, staple items only"
159,189,'662,Saint Lucia,False,,,2005-2024,"commodity_filter: all non-aggregate areas, staple items only"
160,191,'670,Saint Vincent and the Grenadines,False,,,2005-2024,"commodity_filter: all non-aggregate areas, staple items only"
161,244,'882,Samoa,False,,,2005-2024,"commodity_filter: all non-aggregate areas, staple items only"
162,193,'678,Sao Tome and Principe,False,,,2005-2024,"commodity_filter: all non-aggregate areas, staple items only"
163,194,'682,Saudi Arabia,False,,,2005-2024,"commodity_filter: all non-aggregate areas, staple items only"
164,195,'686,Senegal,False,,,2005-2024,"commodity_filter: all non-aggregate areas, staple items only"
165,272,'688,Serbia,False,,,2005-2024,"commodity_filter: all non-aggregate areas, staple items only"
166,186,'891,Serbia and Montenegro,False,,,2005-2024,"commodity_filter: all non-aggregate areas, staple items only"
167,196,'690,Seychelles,False,,,2005-2024,"commodity_filter: all non-aggregate areas, staple items only"
168,197,'694,Sierra Leone,False,,,2005-2024,"commodity_filter: all non-aggregate areas, staple items only"
169,200,'702,Singapore,False,,,2005-2024,"commodity_filter: all non-aggregate areas, staple items only"
170,199,'703,Slovakia,False,,,2005-2024,"commodity_filter: all non-aggregate areas, staple items only"
171,198,'705,Slovenia,False,,,2005-2024,"commodity_filter: all non-aggregate areas, staple items only"
172,25,'090,Solomon Islands,False,,,2005-2024,"commodity_filter: all non-aggregate areas, staple items only"
173,201,'706,Somalia,False,,,2005-2024,"commodity_filter: all non-aggregate areas, staple items only"
174,202,'710,South Africa,False,,,2005-2024,"commodity_filter: all non-aggregate areas, staple items only"
175,277,'728,South Sudan,False,,,2005-2024,"commodity_filter: all non-aggregate areas, staple items only"
176,203,'724,Spain,False,,,2005-2024,"commodity_filter: all non-aggregate areas, staple items only"
177,38,'144,Sri Lanka,False,,,2005-2024,"commodity_filter: all non-aggregate areas, staple items only"
178,276,'729,Sudan,False,,,2005-2024,"commodity_filter: all non-aggregate areas, staple items only"
179,206,'736,Sudan (former),False,,,2005-2024,"commodity_filter: all non-aggregate areas, staple items only"
180,207,'740,Suriname,False,,,2005-2024,"commodity_filter: all non-aggregate areas, staple items only"
181,210,'752,Sweden,False,,,2005-2024,"commodity_filter: all non-aggregate areas, staple items only"
182,211,'756,Switzerland,False,,,2005-2024,"commodity_filter: all non-aggregate areas, staple items only"
183,212,'760,Syrian Arab Republic,False,,,2005-2024,"commodity_filter: all non-aggregate areas, staple items only"
184,208,'762,Tajikistan,False,,,2005-2024,"commodity_filter: all non-aggregate areas, staple items only"
185,216,'764,Thailand,False,,,2005-2024,"commodity_filter: all non-aggregate areas, staple items only"
186,176,'626,Timor-Leste,False,,,2005-2024,"commodity_filter: all non-aggregate areas, staple items only"
187,217,'768,Togo,False,,,2005-2024,"commodity_filter: all non-aggregate areas, staple items only"
188,219,'776,Tonga,False,,,2005-2024,"commodity_filter: all non-aggregate areas, staple items only"
189,220,'780,Trinidad and Tobago,False,,,2005-2024,"commodity_filter: all non-aggregate areas, staple items only"
190,222,'788,Tunisia,False,,,2005-2024,"commodity_filter: all non-aggregate areas, staple items only"
191,223,'792,Türkiye,False,,,2005-2024,"commodity_filter: all non-aggregate areas, staple items only"
192,213,'795,Turkmenistan,False,,,2005-2024,"commodity_filter: all non-aggregate areas, staple items only"
193,227,'798,Tuvalu,False,,,2005-2024,"commodity_filter: all non-aggregate areas, staple items only"
194,226,'800,Uganda,False,,,2005-2024,"commodity_filter: all non-aggregate areas, staple items only"
195,230,'804,Ukraine,False,,,2005-2024,"commodity_filter: all non-aggregate areas, staple items only"
196,225,'784,United Arab Emirates,False,,,2005-2024,"commodity_filter: all non-aggregate areas, staple items only"
197,229,'826,United Kingdom of Great Britain and Northern Ireland,False,,,2005-2024,"commodity_filter: all non-aggregate areas, staple items only"
198,215,'834,United Republic of Tanzania,False,,,2005-2024,"commodity_filter: all non-aggregate areas, staple items only"
199,231,'840,United States of America,False,,,2005-2024,"commodity_filter: all non-aggregate areas, staple items only"
200,234,'858,Uruguay,False,,,2005-2024,"commodity_filter: all non-aggregate areas, staple items only"
201,228,'810,USSR,False,,,2005-2024,"commodity_filter: all non-aggregate areas, staple items only"
202,235,'860,Uzbekistan,False,,,2005-2024,"commodity_filter: all non-aggregate areas, staple items only"
203,155,'548,Vanuatu,False,,,2005-2024,"commodity_filter: all non-aggregate areas, staple items only"
204,236,'862,Venezuela (Bolivarian Republic of),False,,,2005-2024,"commodity_filter: all non-aggregate areas, staple items only"
205,237,'704,Viet Nam,False,,,2005-2024,"commodity_filter: all non-aggregate areas, staple items only"
206,249,'887,Yemen,False,,,2005-2024,"commodity_filter: all non-aggregate areas, staple items only"
207,248,'890,Yugoslav SFR,False,,,2005-2024,"commodity_filter: all non-aggregate areas, staple items only"
208,251,'894,Zambia,False,,,2005-2024,"commodity_filter: all non-aggregate areas, staple items only"
209,181,'716,Zimbabwe,False,,,2005-2024,"commodity_filter: all non-aggregate areas, staple items only"
