Reporter Country Code,Reporter Countries,Commodity,mean_hhi,mean_shannon_h,mean_top_share,mean_eff_suppliers_hhi,mean_import_t,mean_idr,mean_idr_norm,mean_hhi_norm,risk_score
1,Armenia,Maize,0.993293692758808,0.023774649556343497,0.9966346589224857,1.0067585298436812,76637.13333333333,0.9999973444283162,0.9999972998989879,1.0,1.0009986499485835
1,Armenia,Rice,0.315310736990187,1.316561561141111,0.4718442945277486,3.171533448412102,19322.29333333333,0.9997387018265433,0.9997349715072054,0.24112161639369922,0.4922393410557785
1,Armenia,Wheat,0.9898493740098296,0.03402370528950213,0.9948943294481315,1.010286167744744,355013.61000000004,0.9937372293334789,0.9935706014540635,1.0,0.9977801220988106
3,Albania,Maize,0.9333954464783467,0.18198911938679765,0.965770875777068,1.0713729198822142,67510.11499999999,1.0,1.0,0.9243439343749085,0.9624288432446751
3,Albania,Rice,0.2417796315093631,1.6286032754592978,0.37761521205260684,4.14429212232975,23200.144999999997,0.9997023470067294,0.999698097682281,0.13788785174385032,0.37280666441367394
3,Albania,Wheat,0.4071482361653243,1.1837422927545438,0.5232177977862649,2.7535680619459555,134451.07,1.0,1.0,0.26833560248942284,0.51923495461295
7,Angola,Maize,0.5472323553926666,0.9470085853398528,0.7105983710141728,1.8750478403613442,57468.76,0.9961294066648879,0.9960645035321356,0.43393454756461075,0.6585269916537079
7,Angola,Rice,0.47767215600620094,0.9438050990017208,0.5794133904263813,2.1058768833991324,880308.5,0.9996920394832199,0.9996876430075161,0.469068420801336,0.685851048015496
7,Angola,Wheat,0.2025232561318779,1.8608694825268355,0.33792029214131597,5.141425849886417,681390.34,0.9850058391569113,0.9846069030696851,0.006408985495055929,0.08545377258301878
8,Antigua and Barbuda,Maize,0.8246288599802143,0.3361284146296379,0.9006544263124253,1.224871068064599,59.423333333333325,1.0,1.0,0.7862153658469456,0.8876950947328663
8,Antigua and Barbuda,Rice,0.31381730807754343,1.4356892295494912,0.4861624106852196,3.1988856572288804,1532.1266666666668,1.0,1.0,0.2390249215612064,0.4901682838401192
8,Antigua and Barbuda,Wheat,0.3802295179656481,1.2112324636411158,0.5436896584037333,2.657364172266138,3986.1733333333336,1.0,1.0,0.23387876935637414,0.48488519066448144
10,Australia,Rice,0.2225650061742177,1.8253152291291366,0.33203491193810847,4.509343279285818,434018.75,0.9999127907578967,0.9999115457498741,0.110911538839093,0.3346842561679345
11,Austria,Maize,0.19991496987881197,1.885877316435905,0.33319619754442886,5.2150634678310235,962391.2533333333,0.6515276445834259,0.6456843679625123,0.0,0.025429989539174257
11,Austria,Rice,0.2589368536485923,1.9045590059433648,0.4605298299172372,3.86448691112651,74631.21666666666,0.916876638978051,0.9156899614098465,0.16197567989201106,0.3865205941614898
11,Austria,Wheat,0.2826039328637839,1.5050781799785913,0.4311663384844526,3.547808993346916,1304947.57,0.622676925958627,0.6126378319170545,0.10891485129687149,0.2597073565482843
12,Bahamas,Maize,0.9998080707201836,0.0010102487383330998,0.9999040239645618,1.0001919876085579,1195.9966666666667,1.0,1.0,1.0,1.001
12,Bahamas,Rice,0.7741320082629706,0.47051547580052494,0.8733465536268844,1.2951389690251773,6545.316666666667,0.9999770126472236,0.999976684477434,0.8852822994840884,0.9418852996244388
12,Bahamas,Wheat,0.6152291024900592,0.5733661378094511,0.7328534184155019,1.6395390734774817,4549.830000000001,0.9999840349188256,0.9999836101503385,0.534685866121881,0.7322655066143641
13,Bahrain,Maize,0.4891180958477359,1.0611207731332735,0.6187681405745847,2.2870744176758238,18444.016666666666,0.9931688614116267,0.9930543150730515,0.36013210749132957,0.5991535110163182
13,Bahrain,Rice,0.6383321665078605,0.7663901515529826,0.7829999329068299,1.5734793945633803,128770.74,0.9675983534689312,0.967135784262891,0.6946265380677205,0.8206466620819659
13,Bahrain,Wheat,0.7145178689359573,0.583680285154296,0.8310604673976183,1.4155311950965184,117344.84333333332,0.9959140118556773,0.9958052996616568,0.6617787102920653,0.8128107596003196
14,Barbados,Maize,0.998641986946622,0.005395097971704058,0.9993202564556963,1.0013610022340806,29870.22,0.9988432723268765,0.9988238760113178,1.0,1.0004117651683875
14,Barbados,Rice,0.347773991328215,1.2046280033601655,0.4296601310253787,2.951035859308332,6318.610000000001,0.9947560924336217,0.9946812298751032,0.28669830038594724,0.5352156551907435
14,Barbados,Wheat,0.6013164260104112,0.8929045817841196,0.7644798900387938,1.6808770567645304,23197.926666666666,0.8375430920299115,0.8332207478929717,0.5168771885935769,0.6572852467424195
18,Bhutan,Maize,0.9988954753513826,0.0045637790602492,0.9994472961637204,1.0011062906950536,32741.59,0.999945745982691,0.9999448362369795,1.0,1.0009724177384793
18,Bhutan,Rice,0.9994911126274473,0.00243512414148835,0.9997454880157194,1.0005092191042397,178763.71,0.9999772983388728,0.9999769742476464,1.0,1.0009884870576153
18,Bhutan,Wheat,0.9872793149372203,0.041213562548327504,0.9936007204428616,1.0129201747840373,10513.65,1.0,1.0,1.0,1.001
19,Bolivia (Plurinational State of),Maize,0.5116140902998695,0.9105109683087149,0.5800158124817973,2.7425677316700097,15399.38,0.6175488440913041,0.6111358019568965,0.38870098706483314,0.48841573095092444
19,Bolivia (Plurinational State of),Rice,0.5488370664527437,0.6901172026930321,0.6591018911752262,1.8295423816180438,12167.186666666666,0.996650644541508,0.996602828801845,0.5689801733627317,0.7540648734078701
19,Bolivia (Plurinational State of),Wheat,0.8128173838343605,0.3545794898801026,0.8736894864391663,1.351614812151458,223463.56666666668,1.0,1.0,0.7876052803682978,0.8884784103447118
20,Botswana,Maize,0.9902492989619298,0.03194364815592846,0.9950967350898966,1.0098722090918726,263258.0366666667,0.9950875727426877,0.9950051998631797,0.9965457153786006,0.996775160012689
20,Botswana,Rice,0.942945825486062,0.16436668824919012,0.9708493535804275,1.060545489300936,75153.00666666667,0.9913178200144594,0.9911938723286912,1.0,0.9965872095311177
20,Botswana,Wheat,0.9280588407622662,0.16231189221384462,0.9612387858391988,1.087494979857552,119006.66666666667,0.9956177020134503,0.9955011061712349,0.9351180862128952,0.9658378271832438
21,Brazil,Wheat,0.5917471768728398,0.8862859964315598,0.7403922617585558,1.8437223462540475,5670948.16,0.7206718353201516,0.7132400032732903,0.5046282390597974,0.600949178484452
23,Belize,Rice,0.9033950475229784,0.2637185455627713,0.9500891265597148,1.1069354461726384,291.72,0.726521056957139,0.722616843711965,1.0,0.8510819352774895
23,Belize,Wheat,0.9611279671474188,0.0981587356496835,0.980173275415149,1.0404441803602402,20870.82,1.0,1.0,0.9774476414783686,0.9896595824422897
26,Brunei Darussalam,Maize,0.8535442275764571,0.3472737512389236,0.9204324979858316,1.185613294593006,29935.736666666664,0.9923883865236466,0.9922607529757267,0.8229365544318006,0.904645699961679
26,Brunei Darussalam,Rice,0.41442844680147156,1.0321820754531117,0.5024208219907851,2.4181398928762747,51310.29,0.9911086532673297,0.9909817194957753,0.3802776138505664,0.6149962788446212
26,Brunei Darussalam,Wheat,0.7234687027952603,0.5826032448438611,0.8419382456462339,1.3831989309241983,14292.193333333335,0.9983166803856509,0.9982718938218994,0.6732360681946179,0.8208198052848549
28,Myanmar,Wheat,0.5221021748563324,0.9981615538220222,0.6922705712820462,1.9736417927690413,366094.76,1.0,1.0,0.4154803756573526,0.6456755036649678
29,Burundi,Maize,0.4185870339610041,1.0177635354396737,0.5255353119689952,2.411469482416418,17353.88666666667,0.9998928062136981,0.9998910087599384,0.27056089882479023,0.5213471606947714
29,Burundi,Rice,0.38277416088980737,1.1711241045826586,0.5177422637856132,2.7896464319646803,18134.079999999998,0.9999777515740762,0.9999774339532816,0.33583667854032584,0.5806598954178268
29,Burundi,Wheat,0.2925326386191673,1.416954170275308,0.3820181268710347,3.4395658945858734,73079.38333333333,0.8726555634345857,0.8692674250929292,0.12162391697015833,0.32667353807192406
32,Cameroon,Maize,0.7498760719213383,0.47854741964681846,0.8517457550594455,1.3716935362302527,28743.20333333334,0.9985333331831329,0.998508739726038,0.6912827588718794,0.8318309130190443
32,Cameroon,Rice,0.3962617368464337,1.1704768697727082,0.5271369525576715,2.6623812945976706,1469831.4400000002,0.966254795740284,0.965773045767266,0.3547725184532242,0.5864735980974032
32,Cameroon,Wheat,0.24140684541254312,1.720366174098683,0.37911697714999254,4.665079977091822,925776.5833333334,0.9844176304237472,0.984003044398326,0.056181242016319195,0.23732614156167434
33,Canada,Maize,0.9933619490941519,0.0256226602969334,0.9966634157224364,1.006741113045632,3607040.5,0.6171891931372251,0.6107701202804977,1.0,0.7825483310318784
33,Canada,Rice,0.2911092485963634,1.5628542734293767,0.41728347649490277,3.580756200210844,1135688.02,0.9643866964038902,0.9638782772544767,0.20714401275661537,0.44814466018177307
35,Cabo Verde,Maize,0.75966674150655,0.47518179972288993,0.8528896636027642,1.409786443893136,28668.05,1.0,1.0,0.7037164594988525,0.8398935503731121
35,Cabo Verde,Rice,0.2798581190197926,1.551054977392335,0.3950914871433869,3.752374345328741,80466.72333333334,0.999985651159268,0.9999854463137562,0.19134802471648493,0.4387910361076216
35,Cabo Verde,Wheat,0.47167229915079756,0.9179127745909387,0.6175443538603725,2.1354327757810663,22595.539999999997,0.9999875920041679,0.999987261875836,0.3509284976958343,0.5935283845652451
37,Central African Republic,Maize,1.0,0.0,1.0,1.0,2.25,1.0,1.0,1.0,1.001
37,Central African Republic,Rice,0.374033077307177,1.1627508762947554,0.5010319064370584,2.741528019287669,37661.596666666665,1.0,1.0,0.32356466169176573,0.5699905493545113
37,Central African Republic,Wheat,0.7737984363408529,0.5438002261738449,0.8745547614415559,1.315835913557147,11731.013333333334,1.0,1.0,0.7376597609405877,0.8598827947467772
38,Sri Lanka,Maize,0.5502332896462262,0.8227135511456126,0.7002102390448034,1.9320207965037859,128023.43333333335,0.9990712151914837,0.9990556410821659,0.43774559621508796,0.6623971682418766
38,Sri Lanka,Rice,0.7854981186690715,0.46105033400942935,0.8766206958342414,1.3148753834954727,640050.66,0.9088924814064075,0.9075918211915102,0.9012397144987944,0.905410197285058
38,Sri Lanka,Wheat,0.28656348698572787,1.5318546895731375,0.44940532258603777,3.625334560513,1032554.3233333332,0.9296959491376261,0.9278254327905832,0.11398320910830474,0.3268016660968412
40,Chile,Maize,0.634668317493994,0.6356022750389865,0.7621546602544589,1.5894631238859773,2456527.725,0.989468097140977,0.9892914954083194,0.5449742029566547,0.7353051134735232
40,Chile,Rice,0.37921391067599364,1.2104062492364824,0.4997580819106633,2.658904205028962,349097.8350000001,0.9990778601867595,0.9990646956248641,0.33083827643193825,0.5760726906533462
40,Chile,Wheat,0.4050492994818661,1.127691341002056,0.5660461535480725,2.5213762644523374,1328332.685,0.9993707211327931,0.9993539784786569,0.2656488953987552,0.5164719579697276
41,"China, mainland",Maize,0.49484788635540916,0.8920683336130156,0.6248740420397382,2.173777576915245,25069557.003333334,0.9997939029012258,0.9997904470105642,0.3674086782312195,0.6072066252681975
41,"China, mainland",Rice,0.197255415024177,1.75514958629246,0.29667919941817467,5.163028412800043,6813456.453333333,0.6280948784298271,0.622785523035124,0.07537821781689527,0.21827420037513054
41,"China, mainland",Wheat,0.3425739531769012,1.3180086576576027,0.476181300907443,3.0615721211929485,10609351.860000001,0.9867818407252685,0.9864301571067868,0.18567842404899013,0.4293389169259429
44,Colombia,Maize,0.46133826563930064,0.9219098886217529,0.5961031778404527,2.2032012151374296,6296307.25,0.999796536088546,0.9997931243518658,0.32485299922670724,0.5710616789590442
44,Colombia,Rice,0.5717688150565455,0.7944908353511596,0.707862583697687,1.83897179822229,146249.54333333333,0.9853621000564999,0.9851531279060116,0.6011751298086367,0.7706081285634067
44,Colombia,Wheat,0.43723531912658187,1.0493480146863714,0.5857823026217536,2.3543475132098997,1954486.01,0.9942037610554341,0.9940495457639368,0.30684804536899185,0.5534654982098984
45,Comoros,Maize,0.9932089073596292,0.0227603820227199,0.9965928449744464,1.0068375269191094,5.869999999999999,1.0,1.0,1.0,1.001
45,Comoros,Rice,0.751180919533438,0.4427430324487871,0.855533283740503,1.331237221282331,64256.6,1.0,1.0,0.8530601905293923,0.9246157313824601
45,Comoros,Wheat,0.2801800814096828,1.4373738484010627,0.364101953524347,3.569133091005807,11170.58,1.0,1.0,0.10581224275237318,0.3269847932169408
46,Congo,Maize,0.9018100118938056,0.2677387931763388,0.9487078555618016,1.1124020173499045,12013.19,1.0,1.0,0.8842318833676701,0.9413379389204696
46,Congo,Rice,0.588773070457945,0.8111109227351232,0.7386377172998717,1.6995144783486518,205684.30000000002,0.9997192701667456,0.9997152624390532,0.6250482007855417,0.7915149964142186
46,Congo,Wheat,0.25779687565298176,1.5841731175219813,0.40134143168804104,4.079458084548205,238276.79999999996,0.9969018089100384,0.9968193781395643,0.07716101277848013,0.27926792362421715
48,Costa Rica,Maize,0.6155802142581005,0.5972313186491274,0.6873632634683761,1.7062393137992984,971564.2666666666,0.9990970655445061,0.9990819249007448,0.5207331886821724,0.7223405925336541
48,Costa Rica,Rice,0.336663187188484,1.3526149674382129,0.4764797219458213,3.1031081003262746,198564.30333333334,0.9007946116164457,0.899378345387645,0.2710993218022418,0.49496700611798644
48,Costa Rica,Wheat,0.5712110041517856,0.6806145425833671,0.6838533276475328,1.7666002713052114,267035.88,0.959420771858628,0.9583411170071968,0.4783412713300581,0.6781237281392148
49,Cuba,Maize,0.7462144498445669,0.4882032315722846,0.8558376368225742,1.3450154653910489,425878.175,1.0,1.0,0.6866326670354174,0.8296507094569695
49,Cuba,Rice,0.3505674703243211,1.2579322581397183,0.47188520628786607,2.9059537888312437,710669.4450000001,0.9999956557536522,0.9999955937347489,0.29062019645091963,0.5402874528354628
49,Cuba,Wheat,0.3726779145724028,1.3298967476269468,0.5198627040040069,2.8914007861760225,533443.615,0.9999813447953074,0.999980848453135,0.2242124718723005,0.4747982426009632
50,Cyprus,Maize,0.3500420210559994,1.3299849512397997,0.4976660338668491,3.148742564138157,297990.9666666667,0.9968806020421894,0.9968282951522026,0.18351188113348288,0.4290817821659982
50,Cyprus,Rice,0.1742642931927684,2.088612517221541,0.298832862185822,5.755555119106685,16637.533333333336,0.9888864801476762,0.9887278224063336,0.04309990451452542,0.20891841102087794
50,Cyprus,Wheat,0.24742932915913576,1.6222482149229196,0.3387264566707197,4.555167745702682,57363.83666666667,0.9635843663198737,0.9626154884636041,0.06389021671428,0.2500584289234019
52,Azerbaijan,Maize,0.9362043946371013,0.19079129642021683,0.9672080560153953,1.0695782738587072,59887.27333333334,0.9082284850333844,0.9066896359983463,0.9279111695040967,0.9182390981231259
52,Azerbaijan,Rice,0.5816470041502922,0.8887203688559898,0.7432298549448619,1.7628147625636335,100549.09999999999,0.9995279957904382,0.999521257410268,0.615043582368982,0.7850889756271833
52,Azerbaijan,Wheat,0.7864264086603603,0.36476303417081685,0.8723922304253499,1.2928237875229829,1241333.2733333334,0.9999607126053779,0.9999596673211735,0.7538239754397483,0.8692228456168279
53,Benin,Maize,0.42060064480296705,1.1471210942456176,0.5784979928897681,2.4492041724966156,5501.326666666667,0.8038062482628782,0.8005164195436835,0.2731180920964344,0.46873249482970536
53,Benin,Rice,0.4867081427495938,1.1246455231631753,0.6710722092739957,2.0696081245305313,2924631.3699999996,0.9978378409399502,0.9978069737369893,0.48175446601644356,0.6943907597742788
53,Benin,Wheat,0.24203583642773183,1.752278875649555,0.38056997963905365,4.651391566504099,155177.18000000002,0.9908440572257265,0.9906004533306196,0.05698637093411458,0.23979014096760834
54,Denmark,Maize,0.34337897159671926,1.4685182512353456,0.5107970222449124,3.001236608861221,189128.92,0.9308092116492949,0.9296490022103885,0.1750501143954306,0.40477260690557143
54,Denmark,Rice,0.14210355806670977,2.230895653139072,0.2748621088184005,7.094253601990815,76361.48666666666,0.8825237798145212,0.8808466773300011,0.0,0.02969590337622348
55,Dominica,Maize,0.6987723803866143,0.5711185638272447,0.7993814609332704,1.575491168002773,44.78333333333333,1.0,1.0,0.6263834181326424,0.7924713253807831
55,Dominica,Rice,0.6305289097529695,0.768740535303058,0.7804402897025678,1.598153997357964,1205.2266666666667,0.9999927607051072,0.999992657356196,0.6836711802491597,0.82785918134234
55,Dominica,Wheat,0.39650604472203727,1.040472672499055,0.4943778258666507,2.5325222415825195,3750.6733333333336,0.9999595662335858,0.9999584904489032,0.2547132519743931,0.5059232656085985
56,Dominican Republic,Maize,0.4814749810872674,0.8505815212667157,0.5999918020942162,2.1801254791073608,1379227.4033333333,0.9980028625026147,0.997969373972848,0.3504257028412527,0.5925061302343582
56,Dominican Republic,Rice,0.9495576689380746,0.1468328546977253,0.9741041314398006,1.0545913556188455,54358.49,0.9886764479948674,0.9885147918131192,1.0,0.9952408284455236
56,Dominican Republic,Wheat,0.4290945269526356,0.9813211053826087,0.5172478125327681,2.362078877127614,605276.68,0.8952739371370971,0.8924875854241642,0.29642756711933027,0.5155073605527218
57,Belarus,Maize,0.5201544845031794,1.0805563570462509,0.6993571695592729,1.9225057743280645,57379.05,0.5302157768140878,0.5223383107093955,0.3995468953897024,0.45784444475513714
57,Belarus,Rice,0.3425660104236769,1.3631559332125107,0.5056605903288842,2.9191454189025507,53333.66,0.9950122208518086,0.9949410148086753,0.2793865719482427,0.528439672058087
57,Belarus,Wheat,0.9501586360106888,0.1611635383042007,0.9746873286803872,1.0524558343210708,224306.63,0.7879159189648742,0.7822731894826092,0.9634065415360985,0.8691339296948845
58,Ecuador,Maize,0.550453581242525,0.8084974490751368,0.6318357616098335,1.9317913127340365,152794.90666666665,0.9789462316984663,0.9785931965432058,0.4380253564230266,0.6557943673606482
58,Ecuador,Wheat,0.42378594255923324,1.0604322116014242,0.5814369416849408,2.443627793995692,1424761.14,0.9998655615933533,0.9998619847121605,0.28963240676810775,0.539335635258417
59,Egypt,Maize,0.32262384730396815,1.3477620881820884,0.45243612090255403,3.1509343078006746,6436336.02,0.9993186746802264,0.9993072500370649,0.14869205995536702,0.38696001453165235
59,Egypt,Rice,0.7684748653286445,0.48769743539966265,0.8706127187682293,1.3077613384379847,377594.7733333334,0.9685043567856232,0.9680547217752101,0.8773399714250458,0.9225830567668928
59,Egypt,Wheat,0.3777151793671636,1.3314043494887189,0.5510711126277217,2.7417064611990027,7370080.830000001,0.933069351923732,0.9312885886560518,0.2306603343296645,0.46473033701254324
60,El Salvador,Maize,0.6524731229044346,0.5921915411593965,0.7569787471100852,1.6100203600862797,707662.6333333333,0.9949142617022817,0.9948289826974103,0.5675854879426492,0.7524718652776587
60,El Salvador,Rice,0.39224225036845795,1.3212848774800108,0.5209759731459936,2.8999726540680264,79843.18666666666,0.8633428979464052,0.8613919672387305,0.34912937303378244,0.5494986431272301
60,El Salvador,Wheat,0.5472380591505379,0.7834567364072007,0.6643518095529646,1.8601434399789374,324431.06666666665,0.9040261043898471,0.9014726136816146,0.44765512351690995,0.6363167151363803
63,Estonia,Maize,0.3543126724538339,1.2968273069786498,0.5162079544727024,2.9038809280679865,42532.34333333333,0.8917714553456766,0.8899566504842175,0.18893541223119692,0.4113687137956
63,Estonia,Rice,0.16114312426543284,2.203296687473977,0.3087726689660618,6.213384648971901,7793.206666666666,0.9194963353450021,0.9183470568289526,0.02467848059987042,0.15364711374877899
66,Fiji,Maize,0.393973075172861,1.1081730413554995,0.496717855503278,2.601195178222022,143.83666666666667,0.9482456538155289,0.9473778232505222,0.23930230183580725,0.4773859800383049
66,Fiji,Rice,0.2909663797655097,1.353006154342992,0.39860239227625094,3.489445699204292,85776.14,0.9456571742618869,0.9448813705467406,0.2069434325101509,0.44349725922365657
66,Fiji,Wheat,0.9935094867861934,0.019915997887417266,0.9967271288806839,1.0066053783927018,130791.38666666667,0.8323657388764483,0.8279056455829638,1.0,0.910897662324669
67,Finland,Maize,0.6338017433054798,0.6842906331732198,0.7708217019873467,1.6319379696836307,46631.30000000001,0.999958697862375,0.9999580052972076,0.5438736935443749,0.7385090963753252
67,Finland,Rice,0.18997361714623673,2.0201612180882935,0.337717813992822,5.298124189706202,65036.88333333333,0.9914072389915239,0.9912845678601797,0.06515496055123239,0.25621191705771
68,France,Rice,0.15054617721572033,2.175402986125511,0.25838040252769473,6.65487199090114,977069.6466666666,0.9306828169077757,0.9296932377418784,0.009800930064169247,0.10026142115512462
70,French Polynesia,Maize,0.8451721560831489,0.2609765325242708,0.9057236179648958,1.2207767121300912,2242.335,1.0,1.0,0.8123044082165263,0.9022847181598184
70,French Polynesia,Rice,0.466181694753966,0.9187201762919293,0.5539221212018566,2.152732677095579,22167.805,1.0,1.0,0.4529364238066657,0.6740848316276463
70,French Polynesia,Wheat,0.3311167950318156,1.2700350790990083,0.44772270064186975,3.0275585238365688,17272.595,1.0,1.0,0.1710128897001476,0.4149516870550688
72,Djibouti,Rice,0.625948082639585,0.8462571938458708,0.776787702899686,1.6354263632666217,928053.6433333334,0.510744852307362,0.5037601959874355,0.6772399424072629,0.5851055684711921
72,Djibouti,Wheat,0.3496132985444756,1.4618714082578073,0.5339399369630384,3.135783921687933,248155.65000000002,0.5599762192623167,0.5482689041807334,0.1946890146312463,0.32785040891649375
73,Georgia,Maize,0.8996982905822734,0.28382940508901994,0.9474956157571611,1.1150514799296176,56595.926666666666,0.9692749176126045,0.9687597113048465,0.881550094306496,0.9251278423367943
73,Georgia,Rice,0.36736658982101994,1.3903839202461963,0.5432346680762309,2.7383759929453455,21135.49,0.9704764637376214,0.9700549827269175,0.3142052675185532,0.5532464600932048
73,Georgia,Wheat,0.9196310440146814,0.21087815721945824,0.9579704921332208,1.089871556860677,378054.7866666667,0.9978285234218854,0.9977707489069498,0.9243302327922122,0.961349452380413
74,Gabon,Maize,0.4349686299039118,1.243244445685918,0.6115707526307902,2.61613751428283,707.54,0.9999949411401658,0.9999948563118661,0.2913647731638656,0.5409765559650574
74,Gabon,Rice,0.3654704649404555,1.1023857312618301,0.47756895531289206,2.744931666327441,167692.99,0.9628905782421372,0.9623608003574644,0.3115432089463757,0.5487183940026713
74,Gabon,Wheat,0.740947773694749,0.5082659101770409,0.8459812698436012,1.3853536549846117,120839.27999999998,0.9999996895315016,0.9999996812711469,0.6956098463528829,0.8350486417985352
75,Gambia,Maize,0.437670643145232,1.3471663673749628,0.6228150692607141,2.673545196877807,321.3,1.0,1.0,0.2947962058600969,0.5441433653605977
75,Gambia,Rice,0.3313412711825508,1.4564987256195165,0.4269028116319317,3.027326193009756,222364.24333333332,1.0,1.0,0.26362763453669336,0.5146768521812789
75,Gambia,Wheat,0.627168250927456,0.7021572490609524,0.6978407121365969,2.158005104023539,30566.81,1.0,1.0,0.549968363691287,0.7426434757371657
79,Germany,Maize,0.2792535992532563,1.72841231221583,0.46955855868454544,3.8282718613675555,3020307.936666667,0.8350935568663586,0.8323283620128129,0.09361383719574813,0.2807924393107474
79,Germany,Rice,0.205025390626264,1.9974451152389532,0.3101672880408057,4.877667466260692,400322.64333333337,0.8966729994438132,0.8951978926598428,0.08628685066548068,0.2796896344581225
80,Bosnia and Herzegovina,Maize,0.8772203602171261,0.2866212545363434,0.9349305428528097,1.1403779557399574,178823.47666666665,0.957425738880857,0.9567118424102093,0.8530041552936695,0.9043726516167298
80,Bosnia and Herzegovina,Rice,0.3071831971620093,1.4756252083519097,0.4740031600186943,3.2715899152151864,14141.64,0.9954698109734558,0.9954051375335053,0.2297109823726565,0.47945970437724683
80,Bosnia and Herzegovina,Wheat,0.36936054798918,1.060106293057194,0.45515703005361025,2.711300918605714,313693.97000000003,0.8828453045615067,0.8797282754534753,0.21996613495717077,0.4411475070477548
81,Ghana,Maize,0.783290158528121,0.46797573640114587,0.8737206179739508,1.3096666281824374,67585.73333333334,0.9937931549633877,0.9936890769442039,0.7337171139460227,0.8548772355643113
81,Ghana,Rice,0.5347744780008252,1.0584770948871267,0.7113498138091753,1.9438788338665036,1156412.0733333332,0.9996801943059793,0.9996756287273187,0.5492370464626251,0.7420301896944963
81,Ghana,Wheat,0.3862452052185685,1.3337536783297494,0.5220430729412474,3.1244551145576107,278405.76666666666,0.8858752547134016,0.8828388407508749,0.24157904432180616,0.46303431981208504
83,Kiribati,Maize,0.9003167044765391,0.2360358846342024,0.9478672985781992,1.1107202554699,4.22,1.0,1.0,0.8823354515446236,0.9403290844146894
83,Kiribati,Rice,0.3589939814333755,1.2864239977656804,0.5441001795738211,2.785562019750982,15297.329999999998,1.0,1.0,0.30245057026297006,0.5511388398881293
83,Kiribati,Wheat,0.6084367302217775,0.837651857131813,0.7700392948401366,1.643556265308796,3725.68,1.0,1.0,0.5259914091239787,0.7263046196556253
84,Greece,Maize,0.25707931593546623,1.6270589594131721,0.39613588889810103,3.9138319486238298,594384.6233333334,0.9743386233865062,0.9739083266364331,0.06545351598467085,0.2545311102158691
84,Greece,Wheat,0.27372833820040177,1.7230510527796519,0.44273681167699935,3.720040474394342,1114364.7066666668,0.675671803634858,0.667042696411783,0.09755380200751812,0.2565894534752654
86,Grenada,Maize,0.9813807532495306,0.062314800978955275,0.9906199841325257,1.0190369502320837,11961.81,1.0,1.0,0.985283069711224,0.9936142877298692
86,Grenada,Rice,0.799776028180621,0.4056673207734347,0.8874979762204549,1.257366342352677,2011.1599999999999,1.0,1.0,0.9212851407244551,0.9608368362345292
86,Grenada,Wheat,0.7681752609902919,0.4098107068037411,0.84165402854797,1.3793310346941483,17861.45666666667,0.9995190368971799,0.9995062403465528,0.7304619139519267,0.8554719220902203
89,Guatemala,Maize,0.6210222363524259,0.644767587230021,0.7202933004452335,1.7042210530596356,1549104.5333333332,0.9967905060287611,0.9967366883849922,0.5276443067561006,0.726256029204861
89,Guatemala,Rice,0.4545595678612853,1.2257976074042018,0.6251588812407842,2.345098191344639,105823.15999999999,0.9913704790782397,0.9912472831586293,0.436619575249526,0.6589589020556407
89,Guatemala,Wheat,0.4837944502422828,0.973064254907903,0.6260371257917733,2.1253385290281543,720882.7033333333,0.9893289048689008,0.9890449886842894,0.3664452446031195,0.6031478450887405
91,Guyana,Maize,0.7674547121454626,0.41809798937467546,0.8090210768153331,1.4866978928099261,43120.513333333336,0.9996115986960321,0.9996050858802413,0.7136068244604235,0.8455999189686743
91,Guyana,Wheat,0.5604959651838259,0.8364428795238967,0.6719325183099437,1.928072535407454,45710.206666666665,0.9995864333347063,0.9995754299401859,0.4646256736186655,0.6825639959536285
95,Honduras,Maize,0.9206524579772034,0.16052836945102217,0.9569007540152267,1.0934980652559094,793300.61,0.9963656161378831,0.9963046738280475,0.9081609243430413,0.9522134419914177
95,Honduras,Rice,0.8570050568887156,0.3436005484136651,0.923453669680556,1.1697559851880346,124997.82999999999,0.9616656978655865,0.961118433463902,1.0,0.9813666755588178
95,Honduras,Wheat,0.8585618982791461,0.27232170789313137,0.9234388677198464,1.1647536537050058,288189.28500000003,0.9643184473999145,0.9633691005755475,0.846159743819506,0.9038665167993712
96,"China, Hong Kong SAR",Maize,0.670744921224674,0.6091890907317957,0.7984680553869078,1.5072820325446559,15241.300000000001,0.9994387654105581,0.9994293544805248,0.5907898324722041,0.7694439031458401
96,"China, Hong Kong SAR",Rice,0.396903354829831,1.2886047874167066,0.574996277148862,2.5225304338987535,553749.8966666666,0.9669744258689548,0.9665029494089492,0.3556733160063145,0.5874372181021384
96,"China, Hong Kong SAR",Wheat,0.25020756920247184,1.8496004261884533,0.4345957087783498,4.024552145430984,165537.76,0.9558009354798894,0.9546249709132002,0.06744645415718827,0.255752108032514
97,Hungary,Rice,0.18498178025310585,2.1250332849004523,0.3358396261821846,5.632499766074044,84754.75666666667,0.8991105821374098,0.8976702745322451,0.05814668681964411,0.23055014483162292
98,Croatia,Rice,0.2857331560214427,1.6876378755857095,0.4759382749422352,3.5050367967808937,25071.559999999998,0.9938060870553983,0.9937176621233407,0.1995962644671531,0.4466952509501773
99,Iceland,Maize,0.44437066228191036,0.8952028419683772,0.4963877674160546,2.271995516251731,19875.143333333333,1.0,1.0,0.3033049223901981,0.5519141484982861
99,Iceland,Rice,0.18129726967647694,2.1913335374251024,0.36061555773751836,5.660892423988078,3434.0066666666667,0.9995346636006799,0.9995280204108479,0.05297382976506354,0.23238401203359735
99,Iceland,Wheat,0.3590619159682598,1.322196703597924,0.5245925191196935,2.7940998298651487,43395.28,0.9993525087795053,0.9993352815657439,0.2067835516554225,0.4559092208433137
101,Indonesia,Maize,0.5283383771497793,0.8522741092813977,0.638585380838509,1.9553567241699268,1108694.23,0.9330325426850598,0.931909614648996,0.40994006311388004,0.6191687459194012
101,Indonesia,Rice,0.3181763858248827,1.2835978319994792,0.41869939132500295,3.1944088533138504,2264019.6166666667,0.9918394407977088,0.9917229398233701,0.24514483507694393,0.49432137754695815
101,Indonesia,Wheat,0.2544054640965124,1.6753271488624406,0.41703653304127813,3.9474351249301294,10650005.023333333,0.9948480693730409,0.9947109966106844,0.07281989589394125,0.27111488728997013
102,Iran (Islamic Republic of),Maize,0.39671487324992083,1.492101415989847,0.6117983379140387,2.549675437312315,9342427.07,0.9999769619702694,0.9999765756624938,0.24278425944586332,0.4939861670335893
102,Iran (Islamic Republic of),Rice,0.3724545693177346,1.1390201214368991,0.5109235109818455,2.6854568050169805,2591336.34,0.9984094322552375,0.9983867251481112,0.32134852035655215,0.5675833261429319
102,Iran (Islamic Republic of),Wheat,0.18709798219189133,1.9764106192400632,0.3482258423778196,5.347867266905228,6181403.775,0.9990087062294362,0.9989823317719217,0.0,0.0316224972412351
104,Ireland,Maize,0.2905470564570156,1.5788501956200485,0.44549822441630155,3.7181217373370004,1354657.6133333333,0.920754211420726,0.9194253970786024,0.10795600906591035,0.3166794560886297
104,Ireland,Rice,0.1214353912849882,2.3272118419710517,0.20898223468919377,8.279618664424651,55575.06333333333,0.9499503870111492,0.9492358736384824,0.0,0.030825896153047722
104,Ireland,Wheat,0.4894521590287237,1.1695471373686532,0.6747692635898881,2.1132696648450744,510571.35333333333,0.9271436704780168,0.9252052479591893,0.37368729551073376,0.5890987518622639
105,Israel,Maize,0.2868913501940265,1.5301844710563894,0.382681792853574,3.5687040203579588,1329396.64,0.9999942781653495,0.9999941822201127,0.10331343004120165,0.3231364055606666
105,Israel,Rice,0.23966455900856087,1.7122920670001458,0.313473475098412,4.210975834218262,346145.39999999997,0.9994904044008065,0.9994831293621292,0.13491840234774236,0.36876017751212
105,Israel,Wheat,0.28152787862648593,1.7933966136758848,0.44652124403867477,4.180970550897622,1692159.79,0.9994452236785435,0.9994304632463137,0.1075374669421762,0.32952115005344157
106,Italy,Maize,0.14048603850257313,2.2653741587895233,0.25645091683037624,7.244703289544565,6208021.873333334,0.9917182037570385,0.9915793324072356,0.0,0.031505227064841726
106,Italy,Wheat,0.09535785743101706,2.636688107175667,0.1826455133851891,10.506599526768284,7656716.053333334,0.9207554384797465,0.9186470500452301,0.0,0.030325683010366474
107,Côte d'Ivoire,Rice,0.34448194288750694,1.3139632571597148,0.47355749294148636,2.948681226825194,2568959.98,0.9827898582401601,0.9825441645035145,0.2820764393147494,0.5276534658243562
107,Côte d'Ivoire,Wheat,0.32051255860440736,1.5172875917842445,0.5105919750630458,3.1867840676272667,758083.6866666666,0.990048030814057,0.9897832477635894,0.15743912283754127,0.39620553844916584
109,Jamaica,Maize,0.8328674427950217,0.3439640588094581,0.907654051103528,1.2152268042752261,322689.08,0.9982367043889777,0.998207136981809,0.7966779875724876,0.8927740689534595
109,Jamaica,Rice,0.41949479588083755,1.0410824458073862,0.5156864792973715,2.3848500664754586,138799.65333333332,0.9999738693265479,0.9999734962823922,0.3873904987320489,0.6235131076719085
109,Jamaica,Wheat,0.8744747662594623,0.252906894998089,0.9286886966864216,1.1634898860259266,184640.17666666667,0.9804929802155815,0.9799739745688049,0.8665287313990329,0.9225091369158044
110,Japan,Maize,0.4833458979017094,0.966720470625361,0.6099730332187446,2.1036325889767435,15128946.733333334,0.9999998070913204,0.9999998038565766,0.35280168125276795,0.5951095811177534
110,Japan,Rice,0.38932643090237207,1.1058036420244541,0.48108686364373887,2.572071332555164,680118.96,0.9469190178449248,0.9461612283372909,0.34503571745013484,0.5724959521155109
110,Japan,Wheat,0.35130330045746705,1.0817744865670722,0.41014055924465714,2.8475397987443767,5170099.82,0.968195017611405,0.9673488111873721,0.1968522719408451,0.4377099637027218
112,Jordan,Maize,0.5287913800175077,0.8264143922841445,0.640741991776041,1.9042579754192843,678212.9199999999,0.9583371114878095,0.9576384971540786,0.41051535594666066,0.628087941597777
112,Jordan,Rice,0.25071406622507,1.7547364910488443,0.4079230309887211,4.0113666809186626,401127.4366666667,0.9946595283828069,0.9945832872660638,0.15043132330856462,0.3882814631869398
112,Jordan,Wheat,0.5800244320963732,0.8916511445782825,0.7056636944517694,2.1051867035719876,761591.1966666667,0.8992934582394487,0.8966140502920172,0.4896227452012938,0.6636187681836023
113,Kyrgyzstan,Rice,0.4548324306473053,1.1666754794952552,0.5972689257526949,2.652341548344961,16100.333333333334,0.9017285895057673,0.9003256568404419,0.437002660101161,0.6283176229531842
113,Kyrgyzstan,Wheat,0.7006130483028344,0.4832918049241804,0.7780826749056328,1.4992488853751684,305936.24666666664,0.9981522906382612,0.998103130305061,0.6439800885023306,0.8027463020202048
114,Kenya,Maize,0.6519396313495273,0.770903705771966,0.7479617287839785,1.9364629356010692,592777.62,0.9909741792419475,0.9908228318922933,0.5669079781744965,0.7505092265703706
114,Kenya,Rice,0.40978704370013413,1.0711228581571677,0.49890839517121294,2.5676763918403,1455479.6900000002,0.9993084043349483,0.9992985310447938,0.3737613305405936,0.6122689020619521
114,Kenya,Wheat,0.3180241473444763,1.5492370854503894,0.451667169825716,3.748152954787535,1866350.6900000002,0.9918920449533447,0.9916763239206329,0.1542538756458353,0.3925771854687162
115,Cambodia,Maize,0.4041427490212303,1.201261010349872,0.5566448061889113,2.6028383549034304,193175.57666666666,0.9916663446663215,0.9915266037295697,0.25221732046697143,0.5013231762930827
115,Cambodia,Wheat,0.35213124277333435,1.3130256864720018,0.4639613042193281,2.859973109881303,27663.966666666664,1.0,1.0,0.19791206498188124,0.4462185305955627
117,Republic of Korea,Maize,0.24041427455389175,1.7522802864903715,0.38029746872420245,4.216957010758178,11574847.736666666,0.9999024584705359,0.9999008228683718,0.04428967895889756,0.2129095510713527
117,Republic of Korea,Rice,0.2856411771710055,1.4020999768463591,0.3968826867955404,3.530539936823402,417338.47666666674,0.7784844152258305,0.7753220361758565,0.1994671310488982,0.3944959459388815
117,Republic of Korea,Wheat,0.2961681189290987,1.5499186132462521,0.45157450388003717,3.424846272492829,4489268.373333334,0.9922142627573797,0.9920071146825894,0.12627744978210695,0.35551007464246104
118,Kuwait,Maize,0.6288665299132317,0.6536903694012287,0.7322690479860103,1.6374994569160162,152014.06,0.9999990946963245,0.999999079515953,0.5376061992412142,0.7342644684730709
118,Kuwait,Rice,0.8492571098935615,0.4216801563722004,0.9207879424920522,1.177731485513011,376581.35333333333,0.9993388417597142,0.9993294029973359,0.9907539500232053,0.996032447637607
118,Kuwait,Wheat,0.6966317741881589,0.5532241030080239,0.8174997525912128,1.4358998473715838,451824.29000000004,0.8820207681431609,0.8788818013397858,0.6388839283951249,0.7503480682754378
119,Latvia,Maize,0.6626582826352445,0.7330368134749466,0.7998699022777669,1.5514297158115413,197342.19666666668,0.6356686875820045,0.6295594837756538,0.5805201729331502,0.6055436070588609
119,Latvia,Rice,0.13149388941473575,2.3985861822233403,0.25880658926376915,7.700138254294284,14908.666666666666,0.7914406331534211,0.7884632183901942,0.0,0.028097388106195817
120,Lao People's Democratic Republic,Wheat,0.6814216476070714,0.5022360249859368,0.8012483353924891,1.4678167232831578,2306.7766666666666,1.0,1.0,0.619414472619055,0.7880576673643079
121,Lebanon,Maize,0.19087692109570487,1.8367721546601181,0.2913466609540075,5.366046497658222,417534.00333333336,0.9921269295744324,0.991994911847237,0.0,0.031511821779250354
121,Lebanon,Rice,0.32711030486392556,1.5387721976655364,0.49321378071837224,3.199497725225554,125602.73,0.7813233109837029,0.7782014602987146,0.257687582659025,0.44896519037566457
121,Lebanon,Wheat,0.5507380242178224,0.8659575238476028,0.6950027321602157,1.821590699838043,597720.57,0.9881539139732398,0.9878387358677149,0.45213519241916433,0.6693860103474976
122,Lesotho,Maize,0.9999160458119768,0.00042025569520243194,0.9999580176480795,1.000083975285194,53222.12666666667,0.9990255572343992,0.9990092175203813,1.0,1.00050448611583
122,Lesotho,Rice,0.8828804426623232,0.25363962991159256,0.936912326241245,1.1385812970679396,11608.460000000001,0.9889393238576227,0.9887814205184655,1.0,0.9953749052186236
122,Lesotho,Wheat,0.7767282004768964,0.4892964065383607,0.872523268709695,1.335640677665859,66546.94666666667,0.7392030493605871,0.7322642605789147,0.7414099541409481,0.7378229368009566
126,Lithuania,Maize,0.3077109309320564,1.3108474154494985,0.3838232705559656,3.3148403792179013,194944.03333333335,0.5786177006597463,0.5715518508156221,0.12975334120588455,0.2736111611534803
126,Lithuania,Rice,0.23389282372501954,1.965842940809776,0.4217196883376378,4.476147561429313,42363.496666666666,0.6623446516129269,0.6575242494685832,0.12681519271984248,0.2901196371439145
128,"China, Macao SAR",Maize,0.5524247664913111,0.7357249050699645,0.6226715978846182,2.045883811107014,2.8699999999999997,1.0,1.0,0.4405286711402071,0.6648083933069342
128,"China, Macao SAR",Rice,0.4606729676594676,1.0802177427590731,0.6259037935120156,2.171930635606561,55989.456666666665,0.9995623991011712,0.9995561518661691,0.44520246369991884,0.6681696042419132
128,"China, Macao SAR",Wheat,0.2912683317880527,1.6511935725664013,0.4795074709745373,3.454152838552151,10738.726666666667,0.9982111277160177,0.9981635328077739,0.12000556318430786,0.3477130224777717
129,Madagascar,Maize,0.6305654755382709,0.6104500001410705,0.6842757708514332,1.8142335616904617,1952.8366666666668,0.9484624913871684,0.947598296811913,0.5397637821418926,0.7162175666076388
129,Madagascar,Rice,0.6699724592132323,0.5906804251453684,0.7990205047857284,1.49421883968881,1165781.2333333334,0.9999810002305262,0.999980728987882,0.7390478276599259,0.860682063259675
129,Madagascar,Wheat,0.280787587867968,1.5043130153104076,0.3994713381632435,3.777767357427043,277957.20666666667,0.9998771669509271,0.9998738988429955,0.10658987073989871,0.32815224119828335
130,Malawi,Rice,0.26198423194982895,1.4883144297454522,0.3442203381063132,3.8942329147503583,1565.5733333333335,0.5602334861921036,0.5539553346500169,0.16625403708916975,0.3046613203614573
130,Malawi,Wheat,0.32373338933145657,1.3960761373983612,0.446425960069374,3.6635114924960868,92066.59333333334,0.9989468262595608,0.9989188054176092,0.16156189072301458,0.40317327736121683
131,Malaysia,Maize,0.5494946681816494,0.8748543644384368,0.7107543838611202,1.8265345009591438,3545224.8266666667,0.9972747073089413,0.9972290088803019,0.4368075808845455,0.6610841304604599
131,Malaysia,Rice,0.25408189912571805,1.492667413749716,0.3390843690076219,3.958947493486543,2505480.643333333,0.9186510546328411,0.9174897088032515,0.15515958173432964,0.37872281256085166
131,Malaysia,Wheat,0.42240309812720517,1.3446386052681152,0.6219064133270643,2.375851645314667,1649260.7033333331,0.9634134568724816,0.9624400317829973,0.28786232100511144,0.5275429117428031
132,Maldives,Maize,0.2835861200323288,1.7332778129288606,0.4648000546838433,3.9929662441828584,258.31,1.0,1.0,0.09911593956558955,0.31656919544572737
132,Maldives,Rice,0.7968302509786541,0.5107011960986211,0.8901596789960801,1.2552152249847373,58393.19,0.9999991897430732,0.9999991781757628,0.9171494260715857,0.9586797280323631
132,Maldives,Wheat,0.5121424553862173,0.970901640048378,0.6455698487506946,2.0323666418132142,24524.53,0.999999853880574,0.9999998499929065,0.40273161142243963,0.6357163537862279
133,Mali,Maize,0.770245334961406,0.5589129758336018,0.8751917243568533,1.2985842806033778,4007.775,0.998678379164207,0.9986562178764852,0.7171507872460384,0.8472920983010495
133,Mali,Rice,0.6281237183174364,0.7032371276232685,0.7174815288760641,1.7230983008663086,704549.7699999999,0.9999787446158841,0.9999784411718555,0.6802944192856188,0.8258093156386668
133,Mali,Wheat,0.26815448379553886,1.8218878481625396,0.4325994269388764,4.567557128390881,367096.88,0.999943831830887,0.9999423374151709,0.09041908743041097,0.30249832240354235
134,Malta,Maize,0.6502350631423143,0.6091232953426079,0.7694640430483585,1.6128644337852425,47142.299999999996,1.0,1.0,0.5647432548527377,0.7525350477602957
134,Malta,Rice,0.18133583770519893,1.9028089843700149,0.24472494088509011,5.517708228888268,7984.52,0.9997483171730486,0.9997447241233767,0.053027977227882966,0.23252572581514894
134,Malta,Wheat,0.21579293257064489,1.8387978742598883,0.38037294233774754,4.6798377869283705,39142.18,0.9295442996874869,0.9276697485405707,0.023394602097916366,0.1505142152622777
136,Mauritania,Maize,0.47534956775580967,0.9650136618283397,0.580298173323713,2.466038051516263,25531.729999999996,1.0,1.0,0.3426467092885693,0.5865069104433961
136,Mauritania,Rice,0.35140884040047,1.2728837008902232,0.484718970228331,3.0063794662484824,48484.426666666666,1.0,1.0,0.29180143532740066,0.5413817846609988
136,Mauritania,Wheat,0.25292866848034695,1.6679757088818041,0.3681218993698059,4.457535683602146,693133.8166666667,0.9996241879700891,0.9996141890790332,0.07092954956539868,0.26827919768256636
137,Mauritius,Maize,0.9983135486645307,0.006992956636196701,0.9991560754826772,1.001689398956501,107808.255,0.9999995351478819,0.9999995273531186,1.0,1.0009997636765313
137,Mauritius,Rice,0.5380824162904112,0.7792872370275377,0.6612982139941572,1.8798525889445257,90636.275,0.9975149734580012,0.9974794969659835,0.5538812160372604,0.7443369649995605
137,Mauritius,Wheat,0.592448233525636,0.6143933387641148,0.6689094671141387,1.7303529553349697,154809.69,0.9426495617688133,0.9411236904867799,0.5055256143331305,0.6908037211115848
138,Mexico,Maize,0.9278553955356866,0.1702559756535823,0.9625636873070098,1.0783325186126047,17440939.003333334,0.9947101055312544,0.9946214031817111,0.9173083241666689,0.9561837805883682
138,Mexico,Rice,0.4965048004825896,0.9128132768900273,0.6286932082630353,2.1603510493918505,845845.0333333333,0.9901493518716089,0.9900087230156228,0.4955084528788735,0.7014586287543657
138,Mexico,Wheat,0.76029577700894,0.46301786111527976,0.859758473300554,1.3455927300838415,4247573.44,0.9502819991750675,0.9489591972576163,0.7203759186713923,0.8278150086958145
141,Mongolia,Maize,0.681145631236435,0.5968273090918523,0.7664120566687268,1.7076801604680625,3004.6066666666666,1.0,1.0,0.6039982564179502,0.7782051494781875
141,Mongolia,Rice,0.496747500046939,0.9861690120985468,0.609152945545203,2.305900485811986,106526.69666666666,0.9999993172706354,0.9999993075239214,0.4958491901701577,0.7052274068016281
141,Mongolia,Wheat,0.9865418630433398,0.044989885291681665,0.9932126928836684,1.0138050053677834,97121.54333333333,0.9963448918101321,0.9962476436496706,1.0,0.9991220602575644
143,Morocco,Maize,0.35963578694769915,1.2093148945368695,0.4993248601568529,2.8103684783544973,2253582.23,0.9999966589444774,0.9999966029207747,0.1956955231147051,0.4437246335820724
143,Morocco,Rice,0.39565795174580703,1.3437215897973047,0.5601756133941036,2.68457943820653,126655.97000000002,0.9796509834479831,0.9793604788151047,0.35392483625710336,0.5898764975962226
143,Morocco,Wheat,0.23499460095819327,1.8528261878257222,0.3835956623344626,4.575651508436379,5516522.736666667,0.998970773783849,0.9989433900920347,0.047973360959987645,0.22129299261958332
144,Mozambique,Maize,0.947123543184249,0.16313437162840158,0.973043168658581,1.0561635654088481,172214.37666666668,0.9292707394362082,0.9280847324883318,0.9417779865746827,0.9359063166004529
144,Mozambique,Rice,0.25770135695295165,1.6330420218020378,0.4024668149689161,4.073478635643642,2356749.896666667,0.9981480395959045,0.9981216008205503,0.16024110818566434,0.4013719897159498
144,Mozambique,Wheat,0.16792574291735698,2.1159257650791075,0.3233585859919185,6.095773446368038,706779.0366666666,0.9772135520363019,0.9766072936076009,0.0,0.031266712228944074
146,Republic of Moldova,Rice,0.18820851391819712,1.9771495118891622,0.31985219492785305,5.547641870952291,17824.22,0.9901905280171338,0.9900504869959951,0.06267684941670512,0.2512110121487437
147,Namibia,Maize,0.9358121214022962,0.14203331958477708,0.9663089939029326,1.0708765701104952,146560.21,0.996570256122034,0.9965127452695766,0.9274130005154394,0.9623428707524782
147,Namibia,Rice,0.4561233138814707,0.9182454616677199,0.5710102064225453,2.247695162843602,34016.4,0.9925756899250388,0.9924696997182301,0.4388149915643542,0.6610165410948615
147,Namibia,Wheat,0.37790096537056966,1.2276273136285027,0.5421574010260451,2.8235845165095714,127422.95,0.9988731972878581,0.9988432174663955,0.23089814644502357,0.4815202891531007
149,Nepal,Maize,0.9579939273509266,0.11966652285385751,0.9785216881970862,1.0444223841664693,502191.805,0.9999934964745532,0.9999933874217184,0.9555828751221229,0.9785362193184779
149,Nepal,Rice,0.9905095593839304,0.03141644162907245,0.9952326641431846,1.0095842739243035,1370626.98,0.9999950057596444,0.9999949344613605,1.0,1.000997467227476
149,Nepal,Wheat,0.9996036595680093,0.0019499591203522499,0.9998017868791627,1.0003965373619714,178729.6,0.9922403097495502,0.9920338546835418,1.0,0.9970089711422989
150,Netherlands (Kingdom of the),Maize,0.20197812381520197,1.9316773420732811,0.3474080896125648,5.091293580686248,5282731.646666667,0.9309777057596088,0.9298203216745081,0.0,0.030509348103073392
150,Netherlands (Kingdom of the),Rice,0.09711221042206826,2.6494116555086524,0.18281036925753022,10.456589851872538,660976.8266666667,0.5805641239229912,0.5745762146358606,0.0,0.023991169513716094
150,Netherlands (Kingdom of the),Wheat,0.2974218245851437,1.5510374346085356,0.41732594924881533,3.3739794062353865,5044714.553333334,0.9306908744412659,0.928846829172656,0.12788223371973223,0.3461802079278684
154,North Macedonia,Maize,0.9562801178342909,0.1370925780328893,0.9777867581009089,1.045749053073564,45366.91333333333,0.7397862155914016,0.7354228820321108,0.9534064157619079,0.8383595429917412
154,North Macedonia,Wheat,0.8410012838413145,0.40439002881834213,0.9149978227960904,1.196868189022515,129423.67,0.89728469355467,0.894551840220605,0.8236815872850894,0.8593864748116595
156,New Zealand,Maize,0.678303297144935,0.563270643884401,0.7865754869985282,1.5284542506955952,54507.19666666666,0.7613316722806996,0.757329618637599,0.6003886226877985,0.6753153373764209
156,New Zealand,Rice,0.18801049224730906,1.8886188639653974,0.2882395414409585,5.336886227233603,106233.31,0.9968961977294427,0.9968518875321007,0.062398837513656026,0.25152067445906434
156,New Zealand,Wheat,0.97925925026254,0.0715703430448028,0.9895377122855468,1.0212493030087393,626491.0933333334,0.9935945669868502,0.9934241434193031,1.0,0.9977066540635692
157,Nicaragua,Maize,0.6514171727758964,0.5361383318950458,0.7450516920971494,1.5936148720835552,496453.52,0.9931898062750162,0.9930756111454498,0.5662444797857515,0.7509220351753594
157,Nicaragua,Rice,0.5662033729828037,0.9154932595754578,0.7317604074700536,1.7959281014806991,100324.99333333333,0.9481454988710079,0.9474052187314215,0.5933615448848677,0.7507966375671101
157,Nicaragua,Wheat,0.4283984873645272,0.9962159680029807,0.5223350372287423,2.34647524358499,161948.38333333333,0.9744883373768792,0.9738095716245301,0.2955366138516618,0.5376492625492265
158,Niger,Maize,0.5528418235982924,0.9274970307877046,0.7138442041769215,1.8573262084547724,33356.20666666667,0.999280821129667,0.999268761748158,0.44105831450805083,0.6649640011861137
158,Niger,Rice,0.4087350300350756,1.1672117147265604,0.550826121326807,2.687290207502127,1292394.51,0.9999683014336872,0.999967848901726,0.37228435925889014,0.6112656068486353
158,Niger,Wheat,0.41545761740746096,1.1468334014645087,0.5771302234039496,2.4906340983372197,63562.64333333333,0.9997986206151271,0.9997932626958218,0.2789718802191192,0.5293335162896603
162,Norway,Maize,0.6885035322167878,0.7198519462859418,0.7913435485933215,1.6550883968132435,93612.71,0.9999097093403942,0.9999081953227336,0.6133424526689201,0.7841558490574374
162,Norway,Rice,0.176127515926812,2.12553049792996,0.3372445827573041,5.689058241739431,54369.23333333334,0.992632152323496,0.9925269681796385,0.04571577022140871,0.2154376419158287
162,Norway,Wheat,0.16892938682024958,2.025909140333365,0.26206213465731737,6.017037821931887,304904.38333333336,0.9997869334170999,0.9997812645470784,0.0,0.03163512706702912
165,Pakistan,Wheat,0.395473998167651,1.3093596412603248,0.5528767342727675,3.098827075791391,2476117.0,0.9996955275970446,0.999687426774973,0.2533921988824055,0.5045464050920009
166,Panama,Maize,0.6611025873393546,0.5167375394615213,0.7431861658727983,1.6066640865674298,613979.0,1.0,1.0,0.5785445113701144,0.7616587529080753
166,Panama,Rice,0.7185162253030186,0.5449758177928569,0.8158862027594885,1.4868528404190304,69605.57333333333,0.9995959574604707,0.999590189308024,0.8072006956327489,0.8992650816316893
166,Panama,Wheat,0.7806026683662138,0.42813683762953514,0.8667637332237953,1.3411464778432904,156280.69666666668,0.9902499312974667,0.9899905200307023,0.7463693988125436,0.8606021085172147
167,Czechia,Rice,0.1423332552835461,2.365815223345208,0.2880548230322397,7.155601271013459,189518.95666666667,0.8093826161559199,0.806661342969458,0.0,0.028419383226408308
168,Papua New Guinea,Maize,0.9328985192604055,0.15472169960529572,0.9638074881316486,1.0815836521615088,204.08000000000004,1.0,1.0,0.9237128596350755,0.9621006041442395
168,Papua New Guinea,Rice,0.26428573156763524,1.5210327078075079,0.36240123067300817,4.088805433095192,588694.9166666666,1.0,1.0,0.16948522025080864,0.4131049569674267
168,Papua New Guinea,Wheat,0.6166012724025477,0.8220616318325847,0.7720526123979662,1.6397224044707972,35900.00666666666,0.9975774266344205,0.9975129714141787,0.5364422881533495,0.7325592782209752
170,Peru,Maize,0.7559393875444456,0.50728148198149,0.8606756528689233,1.3363599598352653,3591777.85,0.9970161309429693,0.996966096637436,0.6989828911874912,0.8357985365094676
170,Peru,Rice,0.45530406257684675,0.9043471707829284,0.527858050163922,2.2037175268722224,329161.92,0.9323030586803515,0.9313366102510239,0.4376648062677019,0.6395179892012821
170,Peru,Wheat,0.5169551288258752,0.9103723875491282,0.6624046871469486,2.002289775875273,1967970.7366666666,0.9983915123377115,0.9983487167600823,0.40889198965457046,0.6400195574133122
171,Philippines,Maize,0.2823784369922942,1.5181935527307713,0.41663200752548496,3.759946502681561,625912.2966666666,0.9975383379339217,0.997497060133328,0.09758223758112632,0.31374205074570405
171,Philippines,Rice,0.7063112736539536,0.6555894449598859,0.834436617871491,1.4171935572830066,5991841.763333333,0.9999348262710598,0.9999338958442674,0.7900655920889712,0.8898338973976919
171,Philippines,Wheat,0.38439065396308614,1.1717690036308541,0.4810588912197779,2.61167745541763,5796078.793333334,0.9981305183744903,0.9980807787663437,0.23920515851220586,0.4898819825530101
173,Poland,Rice,0.17082524514554218,2.354759906315236,0.3688656864629085,5.986479148840423,297952.38,0.7748077225316341,0.7715928546422803,0.03827166380733979,0.17418670112113777
174,Portugal,Maize,0.26363058643019394,1.7125266796992846,0.42195596427008386,3.8561017235204886,2161636.1999999997,0.9228766508593944,0.9215834261431292,0.07377332857244341,0.26264925977145026
174,Portugal,Rice,0.16641251314014885,2.1841606238988502,0.28961545368805697,6.113947097953521,212586.01,0.5592652803249032,0.552973306577243,0.032076422564483315,0.13536415765553653
174,Portugal,Wheat,0.2427581454849863,1.8778311528485274,0.42962689889524047,4.28097232672794,1354719.8633333333,0.9520802026181521,0.9508052438746624,0.05791094997505148,0.23679474467963157
176,Timor-Leste,Maize,0.87190284936317,0.22954004638974546,0.919579858384282,1.1924028516603904,297.68333333333334,1.0,1.0,0.8462511607754359,0.9209225873743196
176,Timor-Leste,Rice,0.3421739380390278,1.3196154882480469,0.47224529435731055,2.977238760543677,227812.44666666666,1.0,1.0,0.278836123154934,0.5292598220893864
176,Timor-Leste,Wheat,0.9895342142133132,0.033027734060866634,0.9947172865339148,1.01067515682969,16248.54,0.9999922573981528,0.9999920513977425,1.0,1.0009960256909816
179,Qatar,Maize,0.2399696870708289,1.6421411663615688,0.33954000887551494,4.346875383815902,67336.14666666667,0.9993944405946902,0.9993842864144213,0.04372507327807136,0.21152366419886956
179,Qatar,Rice,0.7580364031288154,0.6012212409326295,0.8678075842976689,1.3199188443588188,328613.26666666666,1.0,1.0,0.862684925196691,0.9298110615183537
179,Qatar,Wheat,0.49657424377718523,1.112049685766129,0.6515372966690934,2.370801023389212,131950.58333333334,0.9970824308456062,0.9970048057197425,0.38280379518641755,0.6189006641210854
181,Zimbabwe,Maize,0.6584271485860124,0.6297382700130757,0.7729022761502821,1.673257982073034,283676.79333333333,0.9831436062320965,0.9828609537631534,0.575146827052884,0.7528933302745251
181,Zimbabwe,Rice,0.18856406626797764,1.8154828561040368,0.27961047270227396,5.330296784956662,247335.19333333336,1.0,1.0,0.06317602602173407,0.253456509184033
181,Zimbabwe,Wheat,0.26210453964288055,1.7729552859920563,0.42355855953933147,4.490276373105721,231471.96333333335,0.9998340789064448,0.9998296643938527,0.08267496252126434,0.2893862205743825
183,Romania,Rice,0.42047739852313276,1.3725684447347763,0.6100082466506016,2.4692940731913566,121278.04666666668,0.7200462583201843,0.7160496101902,0.38877002062629645,0.5286628806280161
184,Rwanda,Maize,0.630826683448511,0.6732109899168996,0.7184395769449294,1.8977397159925011,105711.755,0.9866754401332318,0.9864520103892558,0.5400955041889963,0.7309622722302517
184,Rwanda,Rice,0.3786232080231634,1.0964496984986376,0.48713910367628027,2.6802020834019507,399444.51,0.7231252157072494,0.7191725230865198,0.33000896129732193,0.4882453879165071
184,Rwanda,Wheat,0.2790980992898693,1.5027147688230729,0.3953539985339546,3.6839528402350563,195646.66999999998,0.7543106334122374,0.7477737984666001,0.10442727051562657,0.28096472697823033
185,Russian Federation,Rice,0.5806734809279106,0.9655725487491306,0.7491957588015313,1.7221382288752187,347945.98999999993,0.6476180632782348,0.642587422858897,0.6136768074978125,0.6289660264502777
191,Saint Vincent and the Grenadines,Maize,0.9894720384604612,0.0376563332996742,0.9947046932263351,1.010707797689932,11231.756666666668,0.9978460321713848,0.997809913869145,0.9955586302461364,0.9976836370521953
191,Saint Vincent and the Grenadines,Rice,0.8236971144999009,0.3851799574301164,0.8990696131559592,1.2519754207718956,2260.0833333333335,0.9664420789375062,0.9659630026384869,0.9548690747494546,0.9614000367427727
191,Saint Vincent and the Grenadines,Wheat,0.9909388486245744,0.03017163632331273,0.9954379343334864,1.009222779077713,24767.0,0.685122320827568,0.6767446549749423,1.0,0.8236640089441308
193,Sao Tome and Principe,Maize,0.8019349533704151,0.3527219541162632,0.8808229278947189,1.284716876496014,60.53666666666667,1.0,1.0,0.7573951469245409,0.8712941765393967
193,Sao Tome and Principe,Rice,0.20855891398664275,1.8359267194693487,0.33198732774137046,5.1824244052461585,20294.45,0.9999985047589783,0.9999984834127652,0.0912477296919114,0.303874706943296
193,Sao Tome and Principe,Wheat,0.5666814635229888,0.7632494003103213,0.6658720051844976,1.82278140439675,7449.0233333333335,1.0,1.0,0.47254331228690816,0.6884888202427074
194,Saudi Arabia,Maize,0.37153660531527843,1.1816081517332755,0.510697463901587,2.701511064632489,3446294.0766666667,0.9994973937598672,0.9994889659255015,0.21080901576304922,0.4603396389129132
194,Saudi Arabia,Rice,0.5855790086434497,0.9797460105397371,0.7548656046913885,1.7102894476214512,2432555.1333333333,0.9971115388483064,0.9970703028827101,0.6205639077305343,0.7876321969355844
194,Saudi Arabia,Wheat,0.24165831525152504,1.8263224175146917,0.39940923325049366,4.419742381186448,3276762.49,0.9990743661594785,0.9990497386563855,0.05650313157344895,0.2398040694024006
195,Senegal,Maize,0.7560913342702712,0.5038474017086237,0.8540938579391124,1.36315912686435,408234.3633333333,0.9990362980821699,0.9990201384735281,0.699175856549433,0.8367735398674992
195,Senegal,Rice,0.45405186838701694,1.1584163509400864,0.6305805359803478,2.3004489733741993,1463680.95,0.9279306315434566,0.9269017618989835,0.43590679216681893,0.6367154641103232
195,Senegal,Wheat,0.30022026024487075,1.477699912204682,0.4083808800154185,3.4000568701343545,839421.5833333334,0.9688459981496762,0.9680171117765295,0.13146432220721255,0.3582739104633056
196,Seychelles,Maize,0.571917591792973,0.8682447651254246,0.7019157316601126,2.0969579558377416,6576.356666666667,1.0,1.0,0.4652836638468178,0.6831910036810092
196,Seychelles,Rice,0.7430604281034796,0.5240674242277533,0.8455693320641222,1.4072465076902292,12212.71,0.9570887231619829,0.9564761174032571,0.8416594520848975,0.898235103119113
196,Seychelles,Wheat,0.3736978451401765,1.3207159804913509,0.510986403516191,2.8356399179398264,4965.95,0.9981806604838478,0.9981322549614912,0.22551801610811398,0.4757325469457637
198,Slovenia,Maize,0.44423420301191113,1.1134203303884502,0.6089194546461424,2.377230717144269,853480.1933333334,0.5080119083117793,0.4997621218674771,0.30313162538572064,0.390253248615765
198,Slovenia,Rice,0.2722531511837451,1.6362401622804779,0.3800027981235153,3.7074734750558638,38753.09,0.634223447357025,0.6290015840365317,0.18067105400290115,0.3383091068762619
198,Slovenia,Wheat,0.4187787166469219,1.2083922445955426,0.5989527659167385,2.4845822835777285,524993.3166666667,0.5658029713434174,0.5542506833887803,0.28322299505540355,0.39725937652787846
199,Slovakia,Rice,0.28939567184365317,1.5104699111502846,0.42606243664577265,3.5494660042095103,60991.61000000001,0.8675540225346204,0.8656632102704773,0.20473824205533206,0.4222626733859845
200,Singapore,Maize,0.645963805654016,0.8544207628749666,0.7946236653200857,1.5844609409476746,7920.889999999999,0.9929539561876045,0.9928358062613939,0.5593189540479762,0.7462339039870886
200,Singapore,Rice,0.30762788691238774,1.3545458174323937,0.39820720614839517,3.251336109213325,766409.41,0.7234292985718911,0.7194809470691085,0.23033530315136067,0.40825565312070283
200,Singapore,Wheat,0.20864643061292534,1.927220092704136,0.3697278318384891,4.808031563836702,296145.03333333327,0.8197135225345917,0.8149168031547941,0.014246847601749083,0.11153546141657122
202,South Africa,Rice,0.6314853818925842,0.6599994721930018,0.7648738547344008,1.5875072851817056,2128988.6666666665,0.9001282498676993,0.8987024705907035,0.6850140163062195,0.7856261867647722
202,South Africa,Wheat,0.19663279385162125,1.892005033197966,0.32519001577962703,5.143160086074978,1878312.1666666667,0.8167341313097314,0.8118581419601101,0.0,0.028510667160908564
203,Spain,Maize,0.23758938722326328,1.7568859675399349,0.36832117825926886,4.278309311501598,9578058.113333333,0.9844248097739906,0.9841636408648956,0.040702201813614634,0.20269063365331721
203,Spain,Rice,0.12125265437404903,2.4604841897952276,0.2529072208724647,8.523974155031409,455468.6666666667,0.5663694161994445,0.5601788618190975,0.0,0.023689214039707973
203,Spain,Wheat,0.1674765744491654,2.2908906364672603,0.33173269008368944,6.192910754879723,6362776.579999999,0.9264013458880279,0.9244431730096785,0.0,0.030421097498441414
207,Suriname,Maize,0.7425536957950966,0.5226245149252137,0.8467328639840321,1.383802938571808,8388.423333333334,0.9989517593560014,0.9989341821796403,0.6819836775537536,0.8264010679184506
207,Suriname,Wheat,0.5797626675193923,0.8925823147791161,0.7246127424710423,1.8567777453089827,27329.726666666666,0.9865072049974667,0.9861482143943655,0.48928767804533674,0.6956914588537175
208,Tajikistan,Maize,0.8283311339807939,0.31355392247035263,0.8908715213158169,1.2662227887661748,41854.96333333333,0.9999998895011813,0.9999998876483079,0.790917083759249,0.8903420196024582
208,Tajikistan,Rice,0.7429699287249109,0.5727251800354473,0.8525985160299724,1.3874813244483448,53612.03,0.9996164010579299,0.9996109247603627,0.8415323957665266,0.918175974238331
208,Tajikistan,Wheat,0.9526654153826151,0.12063238855424584,0.9756046440546037,1.050754445801277,1085618.7066666668,0.9948042781742652,0.9946660402990573,0.9666153005074254,0.9815404702756838
209,Eswatini,Maize,0.9908128987230627,0.032002956923732236,0.9953873399661072,1.0092866645391376,160139.19,0.9988209570520196,0.9988011865480301,0.9972614611856029,0.9990310272351586
209,Eswatini,Rice,0.40335569263391075,1.1262818225877445,0.5578278261952793,2.5285985652614276,77373.12666666666,0.9967806333929343,0.9967346733873539,0.3647320554058112,0.6040724731748689
209,Eswatini,Wheat,0.24358401348690106,1.6627090383938816,0.3862188078775482,4.253210461677186,60817.18333333333,0.9966018430672654,0.9965114313766938,0.058968087826891814,0.24457893025591174
210,Sweden,Maize,0.6667690827879325,0.7595617945244112,0.7954226384437874,1.6025974353669372,54531.073333333334,0.9882081610917387,0.9880104324181748,0.5857407002924883,0.76176943605898
210,Sweden,Rice,0.09525625517970814,2.517301816647693,0.15846549074719116,10.509935946248655,134182.71333333335,0.9793190393866377,0.9790237958865304,0.0,0.03130533174854613
211,Switzerland,Maize,0.5301004217201193,1.0117829725051477,0.7000116168440172,1.9910370984137111,195714.5,0.998806192982415,0.9987861749106015,0.4121777787765639,0.6427203365392132
211,Switzerland,Rice,0.21173837123487968,1.8934368202795129,0.3129025453716144,4.741081706553643,135249.33666666667,0.9767521970836687,0.976420309081407,0.09571151871197918,0.30745374044105395
211,Switzerland,Wheat,0.26607333050708487,1.665693217878582,0.3918399868599262,3.7635079732475845,497880.4166666667,0.9767198126651108,0.9761004177591561,0.08775514366263464,0.29448716092732163
214,"China, Taiwan Province of",Maize,0.33931125364093245,1.208085195746215,0.43888751998286146,3.0178046565225096,4156106.8166666664,0.9999973045480649,0.9999972593500139,0.1698842994471241,0.4135876151585276
214,"China, Taiwan Province of",Wheat,0.602912855959768,0.6887865391481135,0.7349189281087899,1.6651809156897093,1290844.0999999999,0.9822047747498878,0.981731313273325,0.5189206707521831,0.7148022968389518
215,United Republic of Tanzania,Wheat,0.30300886397574767,1.6187132682888887,0.46259954479929855,4.064231745400416,974291.23,0.9656657726080969,0.9647522728479571,0.13503382550659992,0.3624568611120519
216,Thailand,Maize,0.8725884516718762,0.31012586896306993,0.9318163402730634,1.153285818861674,1555429.0733333335,0.9554380076787896,0.954690780405623,0.8471218442135217,0.9003011869232855
216,Thailand,Wheat,0.2612189706879725,1.719748323708269,0.4267222077459271,3.8816085217025993,2828704.3699999996,0.9934334066629896,0.9932586952483472,0.08154140551157575,0.28647427484488736
217,Togo,Maize,0.4759220551970196,1.0664807416761233,0.6467874756338148,2.1713910592185277,1812.6866666666665,0.9617969446782828,0.9611563457425595,0.343373742041003,0.5756226031106338
217,Togo,Rice,0.6826315353959865,0.7002189962774753,0.8196272389423687,1.4666239036379924,383562.19,0.99543470804754,0.995369533474644,0.7568204979168115,0.868947211265964
217,Togo,Wheat,0.26157568367142625,1.5568893668123087,0.3870449976935606,4.008489491663372,176099.15666666665,0.8966222981748403,0.8938718210855154,0.08199800971004036,0.27252996183116657
219,Tonga,Maize,0.46340857689436765,0.9733809846283066,0.620507399577167,2.1582568419409194,0.65,1.0,1.0,0.3274821994183915,0.5734201615027238
219,Tonga,Rice,0.25434071855170304,1.65641833421857,0.4191641547696773,4.0978819483263775,734.785,1.0,1.0,0.15552295045474024,0.395827580399844
219,Tonga,Wheat,0.6073528305635261,0.8432007541681024,0.7660869706868981,1.658300855725935,3963.5249999999996,0.9999892322601486,0.9999889457726252,0.5246039823757843,0.7253439020300851
220,Trinidad and Tobago,Maize,0.8958793136722559,0.21792648552737068,0.9409081914285046,1.142980549869361,83516.84666666666,0.9918242664323177,0.9916871735695059,0.876700169060096,0.9334247157996965
220,Trinidad and Tobago,Rice,0.6951207158099941,0.6822032178556926,0.824310604913765,1.4436305375202967,27652.27,0.9850431822973311,0.9848296572444306,0.7743546435426433,0.8742811918865244
220,Trinidad and Tobago,Wheat,0.64801742424623,0.6615514939618272,0.7507869501108874,1.6831330281115158,121015.86,0.9678878504735594,0.9670334715310789,0.5766559823467566,0.7477902954316982
221,Oman,Maize,0.24223580484150467,1.6785947909484429,0.36674804199695304,4.267314150098258,238116.38,0.9381317817566731,0.9370943591100283,0.046602938749969715,0.21131977739531801
221,Oman,Rice,0.4647039998779093,1.0135152229432531,0.6322246950508413,2.1952306684416105,428652.9733333333,0.9585039064201876,0.9579115039617947,0.4508618187254338,0.6582518485936196
221,Oman,Wheat,0.3851444599077867,1.3364680135130083,0.5308816026898786,3.1974799402156413,1850095.97,0.861293680474275,0.857603246780505,0.24017005459152804,0.455048779691274
222,Tunisia,Maize,0.337016677432516,1.3520791421670573,0.4738124323784936,3.0901835664477475,932092.6066666666,0.9996779906013251,0.9996725910625619,0.16697029306656785,0.4099795950830484
222,Tunisia,Rice,0.5290965944012802,0.8811891552468708,0.6716857230868228,1.9670443898778094,38837.683333333334,0.9876745970363568,0.9874986383282847,0.5412655996117746,0.7321398820092442
222,Tunisia,Wheat,0.15231686138076142,2.150997506698356,0.2552688615239335,6.888684248440446,1937715.9033333333,0.9942456864817885,0.9940925866622219,0.0,0.031545088154294666
223,Türkiye,Maize,0.4589395976969592,1.1224727686539084,0.5734405162406216,2.534108788169102,2578910.813333333,0.7636642020334548,0.7597012608661646,0.32180680112564586,0.4955396458735184
223,Türkiye,Rice,0.26093295206707795,1.8154592835829095,0.43350407957667264,4.105902573818825,964122.8766666666,0.6614773496111749,0.656644565775118,0.16477809599883295,0.3301864078943564
223,Türkiye,Wheat,0.5645947600857112,0.8848256554788696,0.7211216976105556,1.7782816819178713,9926081.576666666,0.7066926291112754,0.698888864957919,0.4698722641484683,0.5740716457856431
225,United Arab Emirates,Maize,0.33295699812073437,1.496555199085547,0.523475089989109,3.146203540428487,580707.54,0.9152649115417683,0.9138440511674435,0.16181468682688308,0.3859404716873631
225,United Arab Emirates,Rice,0.5370254546646852,0.986073570391576,0.7083604634284161,1.867532915985682,1212016.5166666666,0.912631269407704,0.911383984511115,0.5523972980817147,0.7105707789105038
225,United Arab Emirates,Wheat,0.23727532859834857,1.7674227277723593,0.39832397304077677,4.271851599596038,1618564.7733333334,0.8654203790639778,0.8618397407102583,0.05089276637653933,0.21160137306990995
226,Uganda,Rice,0.9613205822898143,0.10887215513279493,0.9803349615839515,1.040294229019058,707594.0966666667,0.9904447006241067,0.990308288196993,1.0,0.9961423575399201
226,Uganda,Wheat,0.30465121448143945,1.60503442392894,0.4492238438298954,3.854855118967851,702916.2733333334,0.9121761075720252,0.9098394566332472,0.13713608746799155,0.3547108665530112
229,United Kingdom of Great Britain and Northern Ireland,Maize,0.13730146814301433,2.1914337893077023,0.22002388098648698,7.299358562261138,2420403.04,0.962098521777118,0.9614629797659502,0.0,0.03102358747414538
229,United Kingdom of Great Britain and Northern Ireland,Rice,0.12052712059329211,2.4485149528787216,0.22981582464200948,8.321091657281345,918178.1466666666,0.9434429700087437,0.9426355560881591,0.0,0.030718651599446204
229,United Kingdom of Great Britain and Northern Ireland,Wheat,0.18237619169856611,2.0510723930919337,0.29189690399890034,5.565100663808754,1911151.2166666668,0.6799844851911542,0.6714701215888477,0.0,0.025932028875289483
230,Ukraine,Rice,0.2657095107972032,1.6391846699131027,0.38797049305214465,3.836224104631157,148377.49,0.9629396203268404,0.9624105425719639,0.1714841306294496,0.4076432630067269
233,Burkina Faso,Rice,0.6499152448279669,0.7721328237477048,0.7960253189375783,1.5457547146325172,596489.58,0.997610889235078,0.997576782046463,0.7108885645040084,0.8431342668389707
233,Burkina Faso,Wheat,0.6090399584215307,0.8983993790726332,0.7664177173923091,1.6922979032883951,247493.81999999998,0.9909067973848954,0.9906648627605048,0.5267635608017022,0.7234394094134045
234,Uruguay,Maize,0.707995153708474,0.46928542260927225,0.8070205438761576,1.4629429481827554,264732.82666666666,0.9723759530770426,0.9719127457521259,0.6380959165921599,0.7885331717883846
235,Uzbekistan,Maize,0.4076251796248808,1.2120190852820099,0.5257950367411952,2.4696113174280976,65726.61,1.0,1.0,0.256639847363947,0.5078360830143039
235,Uzbekistan,Rice,0.6603958273019647,0.6389507875873551,0.7672953538755286,1.643272960291957,94227.66333333333,0.9966011150927088,0.9965525922655901,0.7256027453590232,0.8513662268261457
235,Uzbekistan,Wheat,0.9758412512963708,0.0671662248368771,0.9877718650044608,1.0247660120492794,3301083.2733333334,0.7577581016420712,0.7513129903681245,0.9962811228127684,0.8661798564622445
236,Venezuela (Bolivarian Republic of),Maize,0.4271237818512855,0.9940586630228867,0.5320054307200416,2.6917458089673563,1131380.4,0.999998814258574,0.9999987943757481,0.2814021764996111,0.5316805791123068
236,Venezuela (Bolivarian Republic of),Rice,0.5460430122552934,0.8792767199897128,0.6250401255835613,2.4068397906047396,854633.25,0.9951625855228476,0.9950935261010729,0.5650574697456382,0.7508969177022797
236,Venezuela (Bolivarian Republic of),Wheat,0.29541766630264815,1.4976925363154443,0.46492209068639667,3.654874203716913,909602.49,0.9999994783951416,0.9999994645172725,0.12531684605900037,0.35558837897851797
237,Viet Nam,Maize,0.36571399513805297,1.3606902667931955,0.5351125002136562,2.758628762545603,9588785.93,0.9786515556907736,0.978293579330279,0.20341456830661175,0.4474168909018027
237,Viet Nam,Wheat,0.4581431497164501,1.29731473873771,0.6606657868984825,2.2130133435062764,4370777.473333334,0.9508959873399861,0.9495895212507737,0.33361074723559886,0.5639835724735709
238,Ethiopia,Maize,0.4908576045464379,1.009435567491699,0.639980344246912,2.186548350615475,5325.706666666666,0.9992030550035125,0.9991896916190324,0.3623412036322457,0.602835073974154
238,Ethiopia,Rice,0.8465041856673015,0.358528242386044,0.9136079841602435,1.2111019473661262,1617430.14,0.9997994595835925,0.9997965966481825,0.9868889907000151,0.99432184918103
238,Ethiopia,Wheat,0.27081307034193824,1.6077555319021333,0.4259293770577001,3.704220563212758,1411489.0899999999,0.9999323214803203,0.9999305208191087,0.09382216451303943,0.3080753130506107
244,Samoa,Maize,0.930644623862617,0.12406101221043626,0.9607843137254902,1.0875772316674919,2.0399999999999996,1.0,1.0,0.9208505160152947,0.9606104135034712
244,Samoa,Rice,0.3347070522917985,1.5031702693912987,0.48323223060196935,3.8240896466498753,33387.806666666664,0.9987083006805492,0.9986898602495029,0.26835301235636444,0.5189118184049354
244,Samoa,Wheat,0.6115003612074954,0.8561160487715812,0.7643673886881577,1.6895732607835352,10671.859999999999,0.9915312491769642,0.9913059287770838,0.5299129562375181,0.7258292320780816
250,Democratic Republic of the Congo,Maize,0.9145491264658686,0.22318154539185128,0.9549823919775506,1.0985506002642378,57815.61000000001,0.9999996271978828,0.9999996209466383,0.9004099736875588,0.9499005432037427
250,Democratic Republic of the Congo,Rice,0.28802943146013005,1.430137354937849,0.3673505626652694,3.4764014549197273,346644.3933333333,0.9999971376091428,0.9999970967453593,0.20282011315892198,0.4516894303948139
250,Democratic Republic of the Congo,Wheat,0.3452233367418938,1.5722275696600774,0.4689788590821686,3.9607800543233,509377.88000000006,0.9995165755813687,0.9995037135447362,0.18906972101667005,0.43607965064835386
251,Zambia,Rice,0.46370541350801453,1.0356074422619832,0.5823297343919881,2.4418228907298976,43570.14666666667,0.8476139494137908,0.8454384706348443,0.44945985652701215,0.617484050029728
251,Zambia,Wheat,0.6319374297734005,0.6535477059354827,0.7105121616658572,1.9238698989509928,51552.22333333333,0.9875004073972239,0.9871678420328093,0.5560730674315398,0.7419445335727074
255,Belgium,Maize,0.312882976737021,1.4082174068292634,0.45978432751467163,3.204382425712969,1793181.2333333334,0.9335044207737702,0.932389405314302,0.13632160179401173,0.35801470393731033
255,Belgium,Rice,0.1816645908916689,2.239411406498135,0.35082680615768574,5.865929465131148,710525.9833333334,0.5907290432920785,0.5848862494291753,0.05348952923173226,0.17867474895670352
255,Belgium,Wheat,0.4686299225671562,1.1284092454854842,0.6460029150400668,2.136930994006819,3972821.776666667,0.843327101655985,0.839158647436117,0.3470341569069149,0.5407438455761499
256,Luxembourg,Maize,0.6038078774765778,0.8170277364755064,0.7562508389177084,1.7023984962318492,12381.613333333333,0.5856686448731686,0.5787210271264756,0.5057828617461632,0.5420264579719152
256,Luxembourg,Rice,0.2666309207242095,1.5573000436231041,0.43249416374023825,3.762038416639127,6795.329999999999,0.9745323705134202,0.9741687920409485,0.17277774120321435,0.4116583898971854
256,Luxembourg,Wheat,0.40213192095262024,1.161301231577171,0.5527994325190013,2.5315898435344177,153743.46,0.5817988468178146,0.5706721466663425,0.26191455617715836,0.3876866372724559
272,Serbia,Rice,0.13609520233337052,2.180377269905174,0.20345417014640346,7.384584981902797,22658.326666666664,0.9424104085839525,0.9415882537112995,0.0,0.03070160018160779
273,Montenegro,Maize,0.9515807788815541,0.13554731516497517,0.9749939018621472,1.0532826301898484,24486.273333333334,0.9902311357968511,0.9900673288981865,0.9474384711617491,0.969518634291551
273,Montenegro,Rice,0.20846194158842768,1.9186666123929104,0.3771440491397853,4.85285452474805,3288.3133333333335,0.9829420868593196,0.9826985663539459,0.0911115855979337,0.30101500742865983
273,Montenegro,Wheat,0.7647439471107776,0.4865962185163925,0.8675904980290925,1.3086995319711239,61327.573333333334,0.9996179157182593,0.9996077499470672,0.7260697207985782,0.8529429039407664
299,Palestine,Rice,0.5142723346150758,1.200131012247748,0.6907530431170393,2.1066468115413644,92083.13333333335,1.0,1.0,0.5204531266335688,0.7224780825465935
299,Palestine,Wheat,0.5959904504872973,0.7792487085313408,0.698169809025803,2.118283097260384,37659.45333333333,1.0,1.0,0.5100597670317714,0.7152417960373982
