Reporter Country Code,Reporter Countries,pre_india_share,pre_from_india_t,pre_total_t,post_india_share,post_from_india_t,post_total_t,share_change,volume_change_t
18,Bhutan,0.9998801921004459,169667.98,169688.31,0.9996107839309929,187766.0,187839.11,-0.0002694081694529782,18098.01999999999
149,Nepal,0.9952326641431846,1364318.415,1370626.98,,,,,
238,Ethiopia,0.9667405225348471,1975835.05,2039817.31,0.8073429074110361,623798.18,772655.8,-0.159397615123811,-1352036.87
38,Sri Lanka,0.9325708105565907,888885.23,930470.695,0.8279420359257916,139683.18,160943.02500000002,-0.10462877463079912,-749202.05
118,Kuwait,0.9180969432595116,363152.62,395756.765,0.9261699409571336,313258.94999999995,338230.52999999997,0.008072997697621931,-49893.67000000004
133,Mali,0.8917847550950814,613576.19,688031.7099999998,0.5431783026570468,391668.39999999997,721067.83,-0.34860645243803456,-221907.78999999998
59,Egypt,0.8906628395030499,309712.885,349505.87,0.8849761877095224,342808.835,390055.50000000006,-0.005686651793527564,33095.95000000001
132,Maldives,0.8866106993698784,51858.325,58484.94499999999,0.9048680794890047,58427.275,64516.89,0.018257380119126365,6568.950000000004
179,Qatar,0.8602395104223073,289350.825,336394.92000000004,0.8829437320483925,276405.5,313049.96,0.022704221626085208,-12945.325000000012
196,Seychelles,0.8503032661664847,10700.875,12659.71,0.8380280218249461,10808.585,12894.02,-0.012275244341538594,107.70999999999913
217,Togo,0.8291158276972576,268732.30500000005,324682.36,0.7415615290424642,376765.265,508654.39999999997,-0.08755429865479336,108032.95999999996
72,Djibouti,0.8243237738595832,803848.2150000001,974251.54,0.6817155609798915,569680.96,835657.85,-0.14260821287969172,-234167.25500000012
129,Madagascar,0.7885044753903986,1054143.21,1337955.885,0.8200525635763878,673617.36,821431.93,0.0315480881859892,-380525.85
233,Burkina Faso,0.7854797285369475,391766.25,490795.82499999995,0.6265585871120649,526835.05,855245.645,-0.15892114142488256,135068.80000000005
13,Bahrain,0.7601046318268108,99622.88,131059.105,0.8287905350668685,102930.82,124194.01,0.06868590324005774,3307.9400000000023
185,Russian Federation,0.7491957588015313,260679.65999999997,347945.98999999993,,,,,
215,United Republic of Tanzania,0.7473888155619228,104.13499999999999,146.72,0.07014221209471813,18828.840000000004,140277.105,-0.6772466034672047,18724.705000000005
194,Saudi Arabia,0.7459655383344584,1836762.51,2465236.8049999997,0.7637024395334069,2294132.0500000003,3011522.8950000005,0.01773690119894844,457369.54000000027
237,Viet Nam,0.7308096512237585,894427.3049999999,1221674.395,0.39802718395632225,331530.06,832933.21,-0.33278246726743627,-562897.2449999999
46,Congo,0.7298741585313748,178971.005,242351.72499999998,0.7561648348368655,100078.0,132349.45,0.026290676305490646,-78893.005
52,Azerbaijan,0.7012543161979555,67786.88,96399.91,0.7730406855227268,89919.36,116881.735,0.07178636932477123,22132.479999999996
225,United Arab Emirates,0.7011140712213393,859041.9199999999,1230772.25,0.72285324784257,848994.79,1174505.05,0.021739176621230705,-10047.129999999888
137,Mauritius,0.6612982139941572,59482.81,90636.275,0.7170428871512634,91438.32,127521.41000000002,0.055744673157106184,31955.51000000001
53,Benin,0.6424123906809942,1873782.655,2917991.4850000003,0.7260992516410235,2351318.325,3239239.185,0.08368686096002931,477535.67000000016
195,Senegal,0.6396992770949999,904775.2549999999,1457229.25,0.4587081441447408,669518.7549999999,1451008.4849999999,-0.18099113295025904,-235256.5
28,Myanmar,0.6341722975138795,240.86,526.18,0.5296111468195792,2200.01,4154.01,-0.10456115069430028,1959.15
299,Palestine,0.6193507061948964,63902.09999999999,102983.98999999999,0.833557716961325,58583.62,70281.42,0.21420701076642856,-5318.479999999989
221,Oman,0.5911435588332532,274506.32499999995,466314.85,0.7143869674860178,252413.79,353329.22,0.12324340865276462,-22092.534999999945
7,Angola,0.5400327279511449,541822.0449999999,984797.365,0.5321875846728286,347059.43,651209.635,-0.007845143278316313,-194762.61499999993
209,Eswatini,0.5117158743096151,37858.75,73922.605,0.5777550485432832,42865.854999999996,72752.01,0.06603917423366812,5007.104999999996
102,Iran (Islamic Republic of),0.5109235109818455,1306648.5,2591336.34,,,,,
32,Cameroon,0.4893994785086825,782964.335,1586352.66,0.6026119006556494,745303.77,1236789.0,0.11321242214696692,-37660.564999999944
143,Morocco,0.47712659155021186,50251.009999999995,105520.875,0.7262736570818871,122686.62,168926.16,0.2491470655316752,72435.61
107,Côte d'Ivoire,0.46903559220332575,1237271.77,2634157.455,0.3952497610622411,1029218.31,2650895.14,-0.07378583114108467,-208053.45999999996
147,Namibia,0.45302907449095775,12775.22,29203.28,0.5853325904475575,23406.315000000002,39793.075,0.13230351595659973,10631.095000000003
158,Niger,0.44884917721148254,671697.235,1412855.63,0.5727942419902631,528643.175,863057.505,0.12394506477878053,-143054.05999999994
75,Gambia,0.4209862623227596,87189.435,206254.31,0.330636450935498,82886.565,249662.76,-0.09034981138726161,-4302.869999999995
73,Georgia,0.4191842089333553,8245.865,20082.005,0.49923204507248764,11311.84,22512.595,0.08004783613913236,3065.9750000000004
101,Indonesia,0.4034792753430904,202771.075,506023.55,0.024617070132844324,189882.825,7154403.6,-0.3788622052102461,-12888.25
176,Timor-Leste,0.4009599946448291,96755.695,243304.96500000003,0.6148158937822735,121012.62,196827.41,0.2138558991374444,24256.92499999999
200,Singapore,0.38665063883450884,281023.27,727288.22,0.3917102509669447,335796.07999999996,858287.01,0.005059612132435831,54772.80999999994
230,Ukraine,0.3743917134132161,55825.055,150064.03999999998,0.31246609050510005,47507.4,155482.95,-0.06192562290811604,-8317.654999999999
91,Guyana,0.35910165650605264,47.725,148.67,0.44439160868088984,96.99000000000001,218.4,0.0852899521748372,49.26500000000001
112,Jordan,0.35424975577576934,141852.52000000002,400239.57,0.4207080078322541,169504.59,402903.17,0.06645825205648476,27652.069999999978
216,Thailand,0.3494190180625727,6432.0599999999995,17982.85,0.386546056895414,5706.705,15271.76,0.0371270388328413,-725.3549999999996
114,Kenya,0.34920625787165394,448234.47,1280704.39,0.6729052341830785,1214614.33,1805030.29,0.3236989763114245,766379.8600000001
144,Mozambique,0.342315705669191,961929.0650000001,2830337.795,0.4201790637500005,601060.09,1437240.555,0.07786335808080952,-360868.9750000001
108,Kazakhstan,0.320548202891048,5484.225,15687.845,0.22034208835919142,10051.66,46763.565,-0.1002061145318566,4567.4349999999995
250,Democratic Republic of the Congo,0.31807613744311114,102529.13500000001,327586.445,0.2578934276195706,99227.15,384760.29,-0.060182709823540514,-3301.985000000015
131,Malaysia,0.2760026058582389,640870.525,2356144.875,0.17284445451606958,538857.3,3086239.56,-0.1031581513421693,-102013.22499999998
184,Rwanda,0.27507266205967484,117098.025,399444.51,,,,,
57,Belarus,0.2684683556313217,14318.4,53333.66,,,,,
10,Australia,0.2590213951027799,112529.09,433918.495,0.28147853135823847,134493.015,478951.03500000003,0.022457136255458587,21963.925000000017
236,Venezuela (Bolivarian Republic of),0.25873746225713395,194471.1,751615.55,6.902306106415912e-05,66.1,957650.9500000001,-0.2586684391960698,-194405.0
136,Mauritania,0.25656979997431567,13064.515,51003.04,0.4279673888744594,20216.565,47880.955,0.17139758890014373,7152.049999999999
37,Central African Republic,0.25402875639033673,10093.199999999999,37611.05499999999,0.26517272260874786,8642.4,30555.145,0.011143966218411128,-1450.7999999999993
29,Burundi,0.22866567283730865,4110.86,17977.6,0.06352906358023368,918.73,14461.57,-0.16513660925707496,-3192.1299999999997
105,Israel,0.22275195436132197,85067.08000000002,382929.91000000003,0.2249812304236874,73423.345,327386.96499999997,0.0022292760623654206,-11643.735000000015
229,United Kingdom of Great Britain and Northern Ireland,0.21947084185850407,194353.5,887827.635,0.24184934496081234,237194.985,980824.765,0.022378503102308267,42841.484999999986
231,United States of America,0.2142004110297942,461522.83999999997,2153865.985,0.22020941715973555,586878.915,2664516.3400000003,0.006009006129941347,125356.07500000007
41,"China, mainland",0.2098099651498005,1729901.795,8046468.265000001,0.06663485948849679,251724.75,3481835.9400000004,-0.1431751056613037,-1478177.045
202,South Africa,0.20380311812344873,409401.615,2014495.605,0.2147398684293599,539142.21,2521799.165,0.01093675030591118,129740.59499999997
272,Serbia,0.2034469777892008,4608.59,22790.215,0.10898200711521128,2429.665,22006.934999999998,-0.09446497067398951,-2178.925
193,Sao Tome and Principe,0.1946585276150609,4150.35,21524.535,0.2837232565598387,5060.0,17834.28,0.08906472894477782,909.6499999999996
121,Lebanon,0.19319107047763534,24797.21,130152.075,0.3600083929518321,49262.94500000001,138007.995,0.16681732247419678,24465.735000000008
134,Malta,0.1868432611621241,1293.01,6907.385,0.26652258726416783,2911.455,10839.76,0.07967932610204373,1618.445
223,Türkiye,0.18121043654068963,145866.69,769955.63,0.15876828346922567,145488.03,983005.29,-0.022442153071463966,-378.6600000000035
66,Fiji,0.1763883002350605,14781.055,86227.075,0.06043767975880951,5266.725,90331.40999999999,-0.11595062047625099,-9514.33
33,Canada,0.17077321579320787,148182.08000000002,862070.38,0.25857965862691257,350653.8,1287931.17,0.0878064428337047,202471.71999999997
50,Cyprus,0.16442321852750869,2589.37,15737.065,0.20698500951284632,3714.23,17956.005,0.04256179098533763,1124.8600000000001
156,New Zealand,0.16234744571817616,16698.795,103022.70000000001,0.19189344424941604,23287.22,121569.79000000001,0.029545998531239875,6588.425000000003
130,Malawi,0.16225446890394923,255.385,1707.385,0.3990052410831847,2312.4249999999997,4490.025,0.23675077217923546,2057.04
168,Papua New Guinea,0.15943095505957583,89716.54,565865.2050000001,0.032325261619554777,20505.67,634354.34,-0.12710569344002104,-69210.87
104,Ireland,0.157078966160387,7358.995,49186.41,0.11954103718471899,8631.990000000002,72543.595,-0.037537928975668,1272.9950000000017
150,Netherlands (Kingdom of the),0.15690395425980624,103283.09,661358.56,0.22517219419541648,147472.135,654701.45,0.06826823993561024,44189.04500000001
80,Bosnia and Herzegovina,0.14074040789081727,1990.0,14252.02,0.11979797019284061,1660.63,13762.310000000001,-0.020942437697976657,-329.3699999999999
45,Comoros,0.13866030882430755,8909.84,64256.6,,,,,
1,Armenia,0.127747062654368,2498.2799999999997,19525.254999999997,0.17946058449745494,3433.955,19108.085,0.051713521843086946,935.6750000000002
99,Iceland,0.12712762833681399,429.95,3450.975,0.11500935612906496,408.15,3551.215,-0.012118272207749026,-21.80000000000001
81,Ghana,0.1216764424393352,145511.345,1199743.1749999998,0.04298647869898783,45984.78,1069749.87,-0.07868996374034737,-99526.565
146,Republic of Moldova,0.11885403268861049,2145.8,18565.934999999998,0.2603557612350017,4182.18,15735.150000000001,0.1415017285463912,2036.38
113,Kyrgyzstan,0.10079733376212117,1393.845,13727.939999999999,0.19997877507371606,3920.07,19520.79,0.09918144131159488,2526.2250000000004
211,Switzerland,0.09581897033264122,13480.654999999999,140680.78,0.0930887747050839,12438.545,134521.45500000002,-0.0027301956275573303,-1042.1099999999988
273,Montenegro,0.08610595954819045,297.29499999999996,3453.545,0.07837346562078747,233.985,3357.55,-0.007732493927402981,-63.309999999999945
162,Norway,0.08350239455726574,4331.975,52448.945,0.0782587188791462,4564.5650000000005,58318.83,-0.005243675678119536,232.59000000000015
26,Brunei Darussalam,0.07890217071201686,4474.225,56716.265,0.091443537968767,4504.950000000001,51435.465,0.012541367256750147,30.725000000000364
106,Italy,0.0741491471189697,27344.420000000002,449673.955,0.10090529236129278,44533.005,441957.78500000003,0.026756145242323087,17188.584999999995
84,Greece,0.07213022484741145,2882.4300000000003,43373.765,0.07662901361149826,3670.29,47999.035,0.004498788764086811,787.8599999999997
35,Cabo Verde,0.07039999966057349,5272.48,75634.505,,,,,
251,Zambia,0.06881556007480309,2347.36,34110.89,0.12273932993263267,7046.360000000001,57448.655,0.05392376985782958,4699.0
210,Sweden,0.06381620610340132,8284.98,129802.07,0.11397645896995115,16255.365000000002,142637.09,0.050160252866549834,7970.385000000002
181,Zimbabwe,0.05876281916739127,14077.695,225460.905,0.2450313877043604,73829.04999999999,305255.17999999993,0.18626856853696913,59751.35499999999
115,Cambodia,0.05368424501059852,704.215,12554.414999999999,0.2613038719456957,4211.705,14123.695,0.2076196269350972,3507.49
3,Albania,0.053114881242927105,1021.78,19237.17,0.00809690004144036,249.37,34443.515,-0.04501798120148674,-772.41
63,Estonia,0.052275955534808294,409.365,7861.41,0.04635461264068609,384.21000000000004,8257.22,-0.005921342894122203,-25.154999999999973
255,Belgium,0.04298818149318847,29780.574999999997,734274.245,0.022741202662567583,17049.07,773264.34,-0.020246978830620887,-12731.504999999997
9,Argentina,0.037542679923200706,123.64499999999998,3290.35,0.06297694598111839,64.275,5171.59,0.02543426605791768,-59.369999999999976
79,Germany,0.03713776415696389,14948.6,403397.20499999996,0.048740996146265314,19256.38,395076.03,0.011603231989301424,4307.780000000001
68,France,0.03273085533013716,31818.495000000003,985746.4550000001,0.036320670691971514,35451.69,977612.28,0.0035898153618343573,3633.1949999999997
40,Chile,0.02860792683381404,9618.294999999998,349097.835,0.008918156272245363,3342.5,374797.2,-0.019689770561568676,-6275.794999999998
203,Spain,0.028546093540593634,12161.335,443773.635,0.026922001424337746,13753.445,508758.82,-0.0016240921162558875,1592.1100000000006
54,Denmark,0.021931455876718863,1677.04,76606.7,0.03023243610074406,2406.215,79759.955,0.008300980224025197,729.1750000000002
11,Austria,0.021100249699338734,1506.645,71438.995,0.020821143934910604,1680.67,80705.95000000001,-0.00027910576442813015,174.0250000000001
117,Republic of Korea,0.02012166968657289,10000.16,489228.16500000004,0.0005165137917204986,240.905,370023.38499999995,-0.019605155894852393,-9759.255
222,Tunisia,0.018109200890801983,901.0749999999999,45538.43,0.1164608378849191,2962.32,25436.19,0.09835163699411711,2061.2450000000003
23,Belize,0.01785959138900315,5.21,291.72,,,,,
154,North Macedonia,0.016790406923063755,8.4,440.875,0.019271307701336428,13.03,606.4100000000001,0.002480900778272673,4.629999999999999
21,Brazil,0.016600246255174946,17854.25,1202222.0750000002,0.00017105271175332548,285.83000000000004,1669672.185,-0.016429193543421622,-17568.42
174,Portugal,0.01567863752418379,2821.38,196829.28499999997,0.038773084495307905,9364.73,240937.49000000002,0.023094446971124116,6543.349999999999
234,Uruguay,0.01376780571540091,6.0,427.67999999999995,0.0019275216802381717,11.0,5706.8099999999995,-0.011840284035162739,5.0
220,Trinidad and Tobago,0.012882470354231755,364.65999999999997,28311.355,0.03217934133706437,928.935,28117.129999999997,0.019296870982832615,564.275
74,Gabon,0.012715196754560232,1919.225,149788.57,0.01804529227083609,3672.25,203501.83,0.005330095516275859,1753.025
256,Luxembourg,0.012480069850428974,78.9,6322.08,0.005530513200108925,40.010000000000005,7234.41,-0.006949556650320049,-38.89
58,Ecuador,0.011964042737922993,16.33,1241.0900000000001,0.0013625196646591027,2.49,17907.58,-0.01060152307326389,-13.839999999999998
198,Slovenia,0.011203250841216128,379.12,37583.045,0.009293167562024484,431.85,46074.57,-0.0019100832791916437,52.73000000000002
67,Finland,0.011119193691998258,681.615,63872.715,0.011941391561822312,797.595,66835.965,0.0008221978698240533,115.98000000000002
20,Botswana,0.01019480499565573,683.9449999999999,73315.735,0.009573302734894084,754.64,78827.54999999999,-0.0006215022607616461,70.69500000000005
208,Tajikistan,0.009696028910458515,543.195,55667.195,0.08994903205344465,4452.63,49501.69999999999,0.08025300314298614,3909.435
173,Poland,0.009449955770139244,2912.56,297066.17500000005,0.00653342795183447,2048.76,312674.83999999997,-0.0029165278183047733,-863.7999999999997
119,Latvia,0.009283989437780938,129.885,15211.670000000002,0.020687011999048568,312.87,14899.685,0.01140302256126763,182.985
169,Paraguay,0.00875765589940252,8.760000000000002,1194.255,0.00047480952833151935,0.65,1368.97,-0.008282846371071002,-8.110000000000001
109,Jamaica,0.008420308995310287,1202.52,142132.33000000002,0.01438483421791314,1900.73,132134.3,0.005964525222602853,698.21
19,Bolivia (Plurinational State of),0.007691146901243822,118.14,15769.02,0.02845762273114342,121.795,4621.66,0.020766475829899596,3.655000000000001
207,Suriname,0.006770680011775096,3.22,475.58,0.04523359307007355,25.975,477.31,0.03846291305829845,22.755000000000003
27,Bulgaria,0.006222466646873869,451.84000000000003,120750.32499999998,0.0177765767374565,1961.225,109071.965,0.011554110090582631,1509.3849999999998
214,"China, Taiwan Province of",0.006205140496336646,1228.17,187976.235,0.0022910052042588083,478.42,200673.62,-0.003914135292077838,-749.75
157,Nicaragua,0.005391293884117705,551.08,102216.65,2.627030957633346e-06,0.3,114197.36000000002,-0.005388666853160072,-550.7800000000001
226,Uganda,0.005096800974632761,4444.95,829152.42,0.00425115218687541,2165.83,521428.235,-0.0008456487877573507,-2279.12
141,Mongolia,0.004515786353949251,458.375,102153.985,0.0020940015677685113,241.38,115272.12000000001,-0.0024217847861807396,-216.995
171,Philippines,0.003696824306527462,22450.260000000002,6029722.84,0.005446761941859524,41458.619999999995,7542011.52,0.0017499376353320622,19008.359999999993
98,Croatia,0.003595442550524882,84.87,24067.23,0.0010023706332814614,27.145,28866.440000000002,-0.0025930719172434207,-57.72500000000001
96,"China, Hong Kong SAR",0.0034376737845470337,1953.21,568158.3999999999,0.003142211435627134,1654.76,526833.8400000001,-0.0002954623489198997,-298.45000000000005
83,Kiribati,0.003320840957212795,50.8,15297.329999999998,,,,,
89,Guatemala,0.0032964792173004543,312.92,106696.485,0.0006072055612779978,77.47,121764.03999999998,-0.0026892736560224567,-235.45000000000002
120,Lao People's Democratic Republic,0.0031573099220490288,458.0,151054.88,0.00415034777224396,440.04,106024.84999999999,0.0009930378501949314,-17.95999999999998
167,Czechia,0.003108332458962566,605.1700000000001,191935.90500000003,0.005050355060175659,1000.86,196646.325,0.001942022601213093,395.68999999999994
183,Romania,0.002995523054929434,335.955,132365.515,0.011234808816570078,1012.68,93200.06,0.008239285761640644,676.7249999999999
110,Japan,0.0026588095279592786,1768.0,665793.0900000001,0.0030426021889665192,2240.0,731400.475,0.0003837926610072407,472.0
126,Lithuania,0.002643021509549604,102.09,39400.729999999996,0.004977758589176266,238.22000000000003,47296.92,0.0023347370796266615,136.13000000000002
235,Uzbekistan,0.0021760311894855043,106.92,35428.354999999996,0.04683663487791152,5134.139999999999,152819.09,0.04466060368842602,5027.219999999999
44,Colombia,0.002140503260206354,148.115,155725.40999999997,0.001256237099276013,227.35,199963.45,-0.000884266160930341,79.23499999999999
70,French Polynesia,0.0012894955416722037,26.445,22167.805,,,,,
97,Hungary,0.0011864628861074842,96.83000000000001,81538.86499999999,0.0015866547319562927,131.86,85131.04500000001,0.0004001918458488086,35.03
56,Dominican Republic,0.000996183838213709,51.79,59078.765,0.012302359281345075,587.94,236344.325,0.011306175443131365,536.1500000000001
138,Mexico,0.000951347741194833,881.78,926874.54,0.0005482684326784812,528.6600000000001,1006390.49,-0.00040307930851635177,-353.1199999999999
199,Slovakia,0.0007137323673882878,41.92,58733.5,6.644029040595576e-07,0.04,58936.355,-0.0007130679644842282,-41.88
219,Tonga,0.0006423793731983267,0.8,1245.37,,,,,
128,"China, Macao SAR",0.0002248059140189346,12.62,55974.14,0.001799275457691583,101.07,56137.095,0.0015744695436726483,88.44999999999999
60,El Salvador,0.00020683660588048162,17.34,83834.29,0.0021348175040828213,216.38,101357.61,0.0019279808982023397,199.04
48,Costa Rica,0.000125055684372347,20.634999999999998,166843.40999999997,0.0007358599617552103,183.53,254330.39,0.0006108042773828633,162.895
170,Peru,0.00010420962702179589,38.7,353337.07499999995,9.00290257041525e-05,26.0,288795.75,-1.4180601317643387e-05,-12.700000000000003
14,Barbados,2.0925042718423363e-05,0.13,6133.09,0.004026691485432049,26.49,6633.8150000000005,0.004005766442713626,26.36
166,Panama,2.0661524877684868e-05,0.94,45495.19,,,,,
191,Saint Vincent and the Grenadines,7.94249632659545e-06,0.02,2518.1,,,,,
95,Honduras,5.98539450503578e-06,0.74,123634.29,0.013099795630181415,2207.68,168527.81999999998,0.013093810235676379,2206.94
49,Cuba,5.265798900746048e-06,4.0,759618.8300000001,,,,,
86,Grenada,,,,0.02860487606250318,61.82,2161.17,,
244,Samoa,,,,0.0011000471210901013,19.82,18017.41,,
