Reporter Country Code,Reporter Countries,baseline_t,from_india_t,remaining_suppliers,remaining_volume_t,share_lost,volume_gap_kt
18,Bhutan,169688.31,169667.98,1,20.33,0.9998801921004459,169.66798
149,Nepal,1370628.835,1364318.415,18,6310.419999999999,0.995395967282419,1364.318415
238,Ethiopia,2044140.8699999999,1975835.05,28,68305.81999999999,0.966584582793455,1975.8350500000001
38,Sri Lanka,930818.99,888885.23,21,41933.76,0.9549496084088271,888.88523
118,Kuwait,396117.34500000003,363152.62,32,32964.725,0.9167804050590109,363.15262
133,Mali,688031.7099999998,613576.19,21,74455.52,0.8917847550950814,613.57619
132,Maldives,58503.385,51858.325,46,6645.0599999999995,0.8864158031197681,51.858324999999994
179,Qatar,336702.10000000003,289350.825,21,47351.275,0.8593674497426657,289.350825
59,Egypt,362763.29,309712.885,21,53050.405,0.8537602716085192,309.712885
196,Seychelles,12663.98,10700.875,28,1963.1049999999998,0.8449851468495686,10.700875
72,Djibouti,976691.39,803848.2150000001,20,172843.175,0.8230319456384274,803.8482150000001
217,Togo,330544.635,268732.30500000005,14,61812.33,0.8129985380038011,268.73230500000005
233,Burkina Faso,495857.03500000003,391766.25,13,104090.785,0.7900790396167314,391.76625
129,Madagascar,1356152.565,1054143.21,20,302009.35500000004,0.7773042924562105,1054.14321
13,Bahrain,131077.09,99622.88,45,31454.21,0.7600327410381174,99.62288000000001
185,Russian Federation,347945.98999999993,260679.65999999997,21,87266.33,0.7491957588015313,260.67965999999996
194,Saudi Arabia,2466695.98,1836762.51,42,629933.47,0.7446246010422412,1836.76251
237,Viet Nam,1221738.7249999999,894427.3049999999,15,327311.42,0.7320937666111877,894.4273049999999
52,Azerbaijan,96452.94000000002,67786.88,31,28666.06,0.702797447128102,67.78688000000001
46,Congo,255654.035,178971.005,20,76683.03000000001,0.7000515560022356,178.971005
225,United Arab Emirates,1231615.265,859041.9199999999,62,372573.34500000003,0.6974921019674111,859.0419199999999
215,United Republic of Tanzania,149.405,104.13499999999999,14,45.269999999999996,0.6969980924333188,0.10413499999999999
137,Mauritius,91806.035,59482.81,20,32323.225,0.6479182986172968,59.48281
53,Benin,2918437.98,1873782.655,29,1044655.325,0.6420498457877114,1873.782655
299,Palestine,103352.12,63902.09999999999,21,39450.02,0.6182950093331419,63.90209999999999
195,Senegal,1468727.51,904775.2549999999,23,563952.255,0.6160266277030515,904.7752549999999
221,Oman,466590.45999999996,274506.32499999995,25,192084.135,0.5883239125806387,274.50632499999995
7,Angola,996448.4149999999,541822.0449999999,33,454626.37,0.5437532308182756,541.8220449999999
209,Eswatini,74065.01,37858.75,9,36206.26,0.5111556725638733,37.85875
102,Iran (Islamic Republic of),2591336.34,1306648.5,3,1284687.84,0.5042373233572606,1306.6485
32,Cameroon,1591162.285,782964.335,28,808197.95,0.4920706972387798,782.964335
143,Morocco,106528.84,50251.009999999995,24,56277.83,0.4717127305619774,50.251009999999994
107,Côte d'Ivoire,2634447.6700000004,1237271.77,24,1397175.9000000001,0.4696512988622013,1237.27177
158,Niger,1471145.6500000001,671697.235,11,799448.415,0.4565810564032188,671.697235
147,Namibia,29245.89,12775.22,27,16470.67,0.43682103707563696,12.77522
75,Gambia,214547.53999999998,87189.435,45,127358.105,0.40638748409793,87.189435
101,Indonesia,506273.5800000001,202771.075,13,303502.505,0.4005168016075419,202.77107500000002
73,Georgia,20620.77,8245.865,24,12374.905,0.39988152721746084,8.245865
176,Timor-Leste,244489.445,96755.695,14,147733.75,0.39574589815114514,96.755695
200,Singapore,727322.295,281023.27,31,446299.025,0.3863806622344775,281.02327
230,Ukraine,151050.25,55825.055,37,95225.19499999999,0.3695793618348861,55.825055
216,Thailand,18171.025,6432.0599999999995,28,11738.965,0.35397342747588534,6.43206
114,Kenya,1280937.415,448234.47,24,832702.945,0.3499269088021759,448.23447
112,Jordan,406116.68,141852.52000000002,28,264264.16,0.34929006117158257,141.85252000000003
108,Kazakhstan,15720.6,5484.225,17,10236.375,0.3488559596961948,5.484225
144,Mozambique,2834297.7399999998,961929.0650000001,24,1872368.675,0.339388855103134,961.929065
91,Guyana,152.34,47.725,8,104.615,0.3132795063673362,0.047725000000000004
250,Democratic Republic of the Congo,327587.91000000003,102529.13500000001,24,225058.77500000002,0.31298204808596264,102.52913500000001
28,Myanmar,811.5,240.86,4,570.64,0.29680837954405426,0.24086000000000002
184,Rwanda,400168.59500000003,117098.025,25,283070.57,0.2926217261002203,117.09802499999999
131,Malaysia,2356233.4050000003,640870.525,15,1715362.88,0.2719894063296331,640.870525
57,Belarus,53333.66,14318.4,15,39015.26,0.2684683556313217,14.3184
37,Central African Republic,38321.329999999994,10093.199999999999,9,28228.129999999997,0.26338334290589605,10.0932
10,Australia,434156.155,112529.09,41,321627.065,0.25919035974510135,112.52909
236,Venezuela (Bolivarian Republic of),751615.55,194471.1,13,557144.45,0.25873746225713395,194.4711
136,Mauritania,51848.87,13064.515,13,38784.355,0.2519729938183802,13.064515
105,Israel,383734.515,85067.08000000002,28,298667.435,0.22168211790904452,85.06708000000002
229,United Kingdom of Great Britain and Northern Ireland,888967.6,194353.5,63,694614.1,0.218628327961559,194.3535
41,"China, mainland",8046511.079999999,1729901.795,16,6316609.284999999,0.2149878099714243,1729.901795
231,United States of America,2154109.2399999998,461522.83999999997,66,1692586.4,0.2142522911233601,461.52284
202,South Africa,2023734.965,409401.615,52,1614333.3499999999,0.20230001560505725,409.401615
272,Serbia,23212.149999999998,4608.59,21,18603.559999999998,0.19854214280021457,4.60859
193,Sao Tome and Principe,21933.625,4150.35,18,17783.275,0.1892231676250506,4.15035
121,Lebanon,131300.395,24797.21,39,106503.185,0.188858609298167,24.79721
223,Türkiye,774421.7350000001,145866.69,47,628555.045,0.18835562511684925,145.86669
134,Malta,6981.905,1293.01,20,5688.8949999999995,0.18519444191807252,1.29301
29,Burundi,22526.955,4110.86,18,18416.095,0.1824862703370251,4.11086
33,Canada,862373.475,148182.08000000002,85,714191.3949999999,0.17183051693467266,148.18208
66,Fiji,86758.94,14781.055,13,71977.885,0.17036924379205187,14.781055
50,Cyprus,15830.605,2589.37,33,13241.235,0.1635673431306005,2.5893699999999997
156,New Zealand,103139.76,16698.795,39,86440.965,0.16190453613620973,16.698794999999997
168,Papua New Guinea,565922.735,89716.54,19,476206.195,0.1585314292064976,89.71654
150,Netherlands (Kingdom of the),661359.535,103283.09,79,558076.4450000001,0.1561678399329345,103.28309
104,Ireland,49441.52,7358.995,55,42082.524999999994,0.14884241018480016,7.358995
80,Bosnia and Herzegovina,14296.71,1990.0,25,12306.71,0.13919286325315405,1.99
45,Comoros,64256.6,8909.84,7,55346.76,0.13866030882430755,8.90984
130,Malawi,1881.45,255.385,20,1626.065,0.13573839326051715,0.255385
1,Armenia,19584.325,2498.2799999999997,22,17086.045,0.12756528499195147,2.49828
99,Iceland,3495.825,429.95,43,3065.875,0.12298956612530662,0.42995
81,Ghana,1209963.035,145511.345,68,1064451.69,0.1202609838407171,145.511345
146,Republic of Moldova,18627.21,2145.8,35,16481.41,0.1151970692336641,2.1458000000000004
113,Kyrgyzstan,13781.790000000003,1393.845,14,12387.945000000002,0.10113671736399987,1.393845
211,Switzerland,140720.22,13480.654999999999,58,127239.56499999999,0.0957975691055628,13.480654999999999
273,Montenegro,3605.7349999999997,297.29499999999996,29,3308.4399999999996,0.0824505960643253,0.297295
162,Norway,53061.26,4331.975,46,48729.284999999996,0.0816410126710146,4.331975000000001
26,Brunei Darussalam,56722.145,4474.225,16,52247.92,0.07887968623189409,4.474225000000001
35,Cabo Verde,75932.325,5272.48,21,70659.845,0.06943656736442615,5.27248
84,Greece,43716.57,2882.4300000000003,34,40834.14,0.065934495775858,2.8824300000000003
210,Sweden,129905.97,8284.98,52,121620.99,0.06377674559529481,8.28498
181,Zimbabwe,228783.91,14077.695,19,214706.215,0.061532714429087254,14.077695
106,Italy,450372.16500000004,27344.420000000002,54,423027.745,0.06071516431305207,27.344420000000003
115,Cambodia,12557.339999999998,704.215,8,11853.124999999998,0.056079950053116355,0.704215
3,Albania,19237.17,1021.78,6,18215.39,0.053114881242927105,1.02178
63,Estonia,7986.785,409.365,23,7577.42,0.051255292336027575,0.40936500000000003
251,Zambia,55788.335,2347.36,27,53440.975,0.04207617954541931,2.34736
255,Belgium,734340.245,29780.574999999997,65,704559.67,0.04055419160637178,29.780574999999995
79,Germany,403475.85,14948.6,67,388527.25,0.03704955327561737,14.9486
68,France,985968.83,31818.495000000003,77,954150.335,0.03227129908356231,31.818495000000002
9,Argentina,4301.839999999999,123.64499999999998,13,4178.195,0.02874235210979488,0.12364499999999998
40,Chile,349213.61,9618.294999999998,27,339595.315,0.027542726642297816,9.618294999999998
203,Spain,443825.67,12161.335,50,431664.335,0.027401152799476424,12.161335
54,Denmark,76807.545,1677.04,43,75130.505,0.021834313282633886,1.6770399999999999
11,Austria,71445.14,1506.645,41,69938.495,0.0210881383954178,1.506645
117,Republic of Korea,489235.355,10000.16,22,479235.19500000007,0.020440387019862862,10.00016
222,Tunisia,46447.84,901.0749999999999,14,45546.765,0.01939971804932156,0.901075
23,Belize,291.72,5.21,7,286.51000000000005,0.01785959138900315,0.00521
154,North Macedonia,471.55000000000007,8.4,15,463.15000000000003,0.01781359346834906,0.008400000000000001
21,Brazil,1210564.26,17854.25,15,1192710.01,0.014748700742247255,17.85425
174,Portugal,203216.405,2821.38,39,200395.025,0.013883623224217554,2.82138
234,Uruguay,437.065,6.0,12,431.065,0.013727935204145836,0.006
58,Ecuador,1247.065,16.33,6,1230.7350000000001,0.013094746464699112,0.016329999999999997
220,Trinidad and Tobago,28323.9,364.65999999999997,16,27959.24,0.01287463943877785,0.36466
74,Gabon,149911.865,1919.225,20,147992.64,0.012802355570721504,1.919225
256,Luxembourg,6615.259999999999,78.9,15,6536.359999999999,0.011926968856855213,0.07890000000000001
67,Finland,63926.96,681.615,29,63245.345,0.01066240284224371,0.681615
198,Slovenia,38215.88,379.12,27,37836.76,0.009920483317406272,0.37912
173,Poland,298195.105,2912.56,41,295282.545,0.00976729648194594,2.91256
208,Tajikistan,55736.315,543.195,11,55193.12,0.009745800381672165,0.5431950000000001
20,Botswana,73495.26,683.9449999999999,17,72811.31499999999,0.00930597429004265,0.6839449999999999
109,Jamaica,142205.13499999998,1202.52,12,141002.615,0.008456234720356618,1.20252
119,Latvia,15579.455,129.885,30,15449.57,0.00833694118311584,0.129885
19,Bolivia (Plurinational State of),15804.47,118.14,9,15686.33,0.007475100398811223,0.11814
214,"China, Taiwan Province of",187980.235,1228.17,10,186752.065,0.006533506035887231,1.22817
169,Paraguay,1386.79,8.760000000000002,11,1378.03,0.006316745866353234,0.008760000000000002
207,Suriname,516.36,3.22,7,513.14,0.006235959408164847,0.00322
226,Uganda,829153.51,4444.95,22,824708.56,0.00536082878066813,4.4449499999999995
157,Nicaragua,105635.63500000001,551.08,14,105084.555,0.005216800183006426,0.55108
141,Mongolia,102229.875,458.375,19,101771.5,0.004483767587508055,0.458375
171,Philippines,6036068.295,22450.260000000002,17,6013618.035,0.0037193515551500237,22.450260000000004
27,Bulgaria,121639.45499999999,451.84000000000003,31,121187.61499999999,0.003714584219404798,0.45184
96,"China, Hong Kong SAR",568191.1499999999,1953.21,23,566237.94,0.0034375931409702533,1.9532100000000001
98,Croatia,25367.739999999998,84.87,24,25282.87,0.0033455877425423003,0.08487
83,Kiribati,15297.329999999998,50.8,7,15246.529999999997,0.003320840957212795,0.0508
167,Czechia,192385.855,605.1700000000001,45,191780.685,0.0031456054812345744,0.6051700000000001
120,Lao People's Democratic Republic,151054.88999999998,458.0,9,150596.88999999998,0.0030320104168756142,0.458
235,Uzbekistan,35943.39,106.92,15,35836.47,0.002974677680652827,0.10692
89,Guatemala,109216.065,312.92,22,108903.145,0.002865146258473971,0.31292000000000003
110,Japan,665798.53,1768.0,15,664030.53,0.002655457950620588,1.768
126,Lithuania,40363.784999999996,102.09,30,40261.695,0.002529247442973943,0.10209
183,Romania,133685.94,335.955,33,133349.985,0.0025130167016815677,0.335955
70,French Polynesia,22167.965,26.445,23,22141.52,0.0011929376467348265,0.026445
97,Hungary,81739.275,96.83000000000001,33,81642.445,0.0011846202452860026,0.09683000000000001
44,Colombia,155752.45,148.115,9,155604.33500000002,0.0009509641742393137,0.148115
138,Mexico,968069.13,881.78,7,967187.3500000001,0.0009108647023999205,0.88178
56,Dominican Republic,59108.17999999999,51.79,9,59056.38999999999,0.0008761900637103021,0.051789999999999996
199,Slovakia,60830.885,41.92,27,60788.965,0.0006891236252768639,0.04192
219,Tonga,1245.37,0.8,12,1244.57,0.0006423793731983267,0.0008
128,"China, Macao SAR",56005.3,12.62,28,55992.68000000001,0.00022533581643165913,0.01262
60,El Salvador,93140.52,17.34,19,93123.18000000001,0.0001861703155619058,0.01734
48,Costa Rica,167789.385,20.634999999999998,16,167768.75,0.000122981558100353,0.020634999999999997
170,Peru,353622.08499999996,38.7,14,353583.385,0.00010943886607082249,0.038700000000000005
166,Panama,44083.865,0.94,10,44082.925,2.1322994251978586e-05,0.00094
14,Barbados,6133.945,0.13,15,6133.815,2.119353857916887e-05,0.00013000000000000002
191,Saint Vincent and the Grenadines,2387.1800000000003,0.02,22,2387.1600000000003,8.378086277532485e-06,2e-05
95,Honduras,123634.29,0.74,16,123633.54999999999,5.98539450503578e-06,0.00074
49,Cuba,774739.81,4.0,28,774735.81,5.1630236995308136e-06,0.004
