Reporter Country Code,Reporter Countries,Commodity,baseline_total_import_t,volume_from_target_t,share_lost,remaining_import_t,remaining_suppliers,loses_over_50pct,loses_over_25pct,loses_over_10pct,removed_exporter
108,Kazakhstan,Wheat,1905984.8166666667,1902751.9833333332,0.9983038514761166,3232.8333333334886,23,True,True,True,Russian Federation
141,Mongolia,Wheat,97143.23666666666,96742.12,0.9958708739750659,401.1166666666686,13,True,True,True,Russian Federation
1,Armenia,Wheat,355089.5166666666,353205.1433333333,0.9946932442528226,1884.373333333293,20,True,True,True,Russian Federation
57,Belarus,Wheat,224306.62999999998,218628.83,0.9746873286803872,5677.799999999988,12,True,True,True,Russian Federation
73,Georgia,Wheat,394533.45833333326,361705.1333333333,0.916792038022124,32828.32499999995,25,True,True,True,Russian Federation
52,Azerbaijan,Wheat,1241345.8316666665,1078237.14,0.8686033436406096,163108.69166666665,20,True,True,True,Russian Federation
113,Kyrgyzstan,Wheat,306955.935,232002.87333333332,0.7558181708828445,74953.06166666668,9,True,True,True,Russian Federation
223,Türkiye,Wheat,10084583.318333331,7191319.949999999,0.7131003555621871,2893263.3683333322,83,True,True,True,Russian Federation
59,Egypt,Wheat,7545042.261666666,4125946.3699999996,0.5468420489786092,3419095.891666666,33,True,True,True,Russian Federation
250,Democratic Republic of the Congo,Wheat,572264.745,258497.6,0.4517098113391556,313767.145,27,False,True,True,Russian Federation
165,Pakistan,Wheat,2695318.6666666665,1116403.0,0.41420074509433397,1578915.6666666665,18,False,True,True,Russian Federation
215,United Republic of Tanzania,Wheat,1090438.2049999998,436086.91333333333,0.3999189604085207,654351.2916666665,28,False,True,True,Russian Federation
226,Uganda,Wheat,702932.555,276608.95666666667,0.3935071077575382,426323.5983333334,29,False,True,True,Russian Federation
105,Israel,Wheat,1904542.925,724027.3333333334,0.3801580546331521,1180515.5916666668,35,False,True,True,Russian Federation
184,Rwanda,Wheat,203761.075,77064.3,0.3782091353807394,126696.77500000001,27,False,True,True,Russian Federation
114,Kenya,Wheat,2067159.9800000002,739711.8366666668,0.3578396659298071,1327448.1433333335,31,False,True,True,Russian Federation
3,Albania,Wheat,194643.43,69554.53,0.35734332260790924,125088.9,10,False,True,True,Russian Federation
102,Iran (Islamic Republic of),Wheat,6214463.955,2161900.0,0.34788197592820375,4052563.955,13,False,True,True,Russian Federation
130,Malawi,Wheat,129700.72333333333,44769.729999999996,0.3451771805847292,84930.99333333333,21,False,True,True,Russian Federation
195,Senegal,Wheat,964337.7383333334,321019.3,0.33289094394959406,643318.4383333335,33,False,True,True,Russian Federation
194,Saudi Arabia,Wheat,3965680.4883333333,1297806.33,0.3272594284431201,2667874.158333333,48,False,True,True,Russian Federation
299,Palestine,Wheat,81547.995,26442.23,0.3242535883316322,55105.765,8,False,True,True,Russian Federation
35,Cabo Verde,Wheat,48784.573333333334,11993.0,0.24583591042304903,36791.573333333334,12,False,False,True,Russian Federation
147,Namibia,Wheat,191745.43,45826.095,0.23899445739071853,145919.335,26,False,False,True,Russian Federation
225,United Arab Emirates,Wheat,1620812.0650000002,374667.3666666667,0.23116027746663315,1246144.6983333335,82,False,False,True,Russian Federation
32,Cameroon,Wheat,1142038.15,252195.17,0.2208290239691205,889842.9799999999,33,False,False,True,Russian Federation
221,Oman,Wheat,1993362.9883333333,434168.23,0.21780690849638554,1559194.7583333333,34,False,False,True,Russian Federation
29,Burundi,Wheat,110166.27,20958.253333333334,0.19024201630257004,89208.01666666666,18,False,False,True,Russian Federation
144,Mozambique,Wheat,775830.7166666667,146526.39666666667,0.18886387651189285,629304.3200000001,25,False,False,True,Russian Federation
50,Cyprus,Wheat,59801.91333333333,11288.43,0.18876369284505615,48513.48333333333,31,False,False,True,Russian Federation
217,Togo,Wheat,214040.30166666667,39071.02333333334,0.1825404983505404,174969.27833333332,15,False,False,True,Russian Federation
46,Congo,Wheat,304476.0966666667,51758.05666666667,0.16999054189574095,252718.04,24,False,False,True,Russian Federation
121,Lebanon,Wheat,643999.76,106969.21,0.1661013196650881,537030.55,36,False,False,True,Russian Federation
84,Greece,Wheat,1114411.31,175504.17666666667,0.1574859973977352,938907.1333333334,42,False,False,True,Russian Federation
157,Nicaragua,Wheat,162270.4916666667,22219.233333333334,0.13692713385607844,140051.25833333336,15,False,False,True,Russian Federation
53,Benin,Wheat,176118.51833333334,23851.76,0.13543016501454214,152266.75833333333,26,False,False,True,Russian Federation
75,Gambia,Wheat,75239.125,8775.64,0.11663665679259294,66463.485,25,False,False,True,Russian Federation
74,Gabon,Wheat,135714.97,15347.5,0.11308627191237636,120367.47,23,False,False,True,Russian Federation
222,Tunisia,Wheat,2063761.65,229861.30000000002,0.11137977101183173,1833900.3499999999,27,False,False,True,Russian Federation
112,Jordan,Wheat,797523.4083333332,78425.89333333333,0.09833679176543293,719097.5149999999,24,False,False,False,Russian Federation
7,Angola,Wheat,764724.5666666667,74123.65666666666,0.09692856735302997,690600.91,41,False,False,False,Russian Federation
202,South Africa,Wheat,1889045.3266666667,171476.4833333333,0.090774149731978,1717568.8433333333,49,False,False,False,Russian Federation
133,Mali,Wheat,380548.6,33490.89,0.08800686692842911,347057.70999999996,21,False,False,False,Russian Federation
146,Republic of Moldova,Wheat,38321.009999999995,3231.1366666666668,0.0843176280235481,35089.87333333333,24,False,False,False,Russian Federation
236,Venezuela (Bolivarian Republic of),Wheat,947875.2799999999,75294.03,0.07943453277946019,872581.2499999999,22,False,False,False,Russian Federation
107,Côte d'Ivoire,Wheat,942426.3033333333,74233.33333333333,0.07876831649410916,868192.97,22,False,False,False,Russian Federation
119,Latvia,Wheat,736247.935,57991.69,0.07876652312783736,678256.2450000001,29,False,False,False,Russian Federation
81,Ghana,Wheat,285910.6683333333,22164.52666666667,0.07752255904220343,263746.1416666666,36,False,False,False,Russian Federation
181,Zimbabwe,Wheat,289315.57333333336,21211.5,0.07331613627159049,268104.07333333336,21,False,False,False,Russian Federation
21,Brazil,Wheat,5670976.333333333,410138.83666666667,0.07232243842315454,5260837.496666666,17,False,False,False,Russian Federation
238,Ethiopia,Wheat,1550405.2083333335,109817.71,0.07083161834708533,1440587.4983333335,33,False,False,False,Russian Federation
129,Madagascar,Wheat,377028.57333333336,24460.323333333334,0.06487657717047299,352568.25,28,False,False,False,Russian Federation
136,Mauritania,Wheat,1121813.9483333332,72671.2,0.06478008239063777,1049142.7483333333,17,False,False,False,Russian Federation
162,Norway,Wheat,319872.61,19642.71,0.061407914857105145,300229.89999999997,53,False,False,False,Russian Federation
138,Mexico,Wheat,4538461.473333334,258016.05,0.05685099488362444,4280445.423333334,6,False,False,False,Russian Federation
233,Burkina Faso,Wheat,277433.055,14836.913333333332,0.05347925586348509,262596.14166666666,18,False,False,False,Russian Federation
134,Malta,Wheat,62867.19333333333,3145.535,0.0500346020431006,59721.658333333326,31,False,False,False,Russian Federation
170,Peru,Wheat,1969950.4766666666,92836.19333333334,0.04712615592774725,1877114.2833333332,16,False,False,False,Russian Federation
101,Indonesia,Wheat,10831044.365,483479.22,0.04463828267219917,10347565.145,30,False,False,False,Russian Federation
209,Eswatini,Wheat,77077.04333333333,3373.26,0.0437647820170234,73703.78333333334,12,False,False,False,Russian Federation
115,Cambodia,Wheat,32405.605,1400.0,0.04320240279420798,31005.605,19,False,False,False,Russian Federation
54,Denmark,Wheat,226129.63333333333,9142.94,0.04043229480906896,216986.69333333333,59,False,False,False,Russian Federation
49,Cuba,Wheat,533711.83,21561.8,0.040399704087503555,512150.02999999997,23,False,False,False,Russian Federation
143,Morocco,Wheat,6010951.550000001,213518.09999999998,0.03552151406044854,5797433.450000001,33,False,False,False,Russian Federation
28,Myanmar,Wheat,387536.165,11641.4,0.030039519021405395,375894.76499999996,18,False,False,False,Russian Federation
106,Italy,Wheat,7690994.831666667,226461.77333333332,0.029445055976491694,7464533.058333334,54,False,False,False,Russian Federation
237,Viet Nam,Wheat,4530319.218333333,102734.62666666666,0.022677127530201256,4427584.591666666,31,False,False,False,Russian Federation
38,Sri Lanka,Wheat,1047264.8899999999,21296.683333333334,0.020335526891704866,1025968.2066666665,26,False,False,False,Russian Federation
58,Ecuador,Wheat,1494988.2983333333,30333.69,0.020290252461385206,1464654.6083333334,12,False,False,False,Russian Federation
56,Dominican Republic,Wheat,616329.505,11721.45,0.01901815490725209,604608.055,15,False,False,False,Russian Federation
126,Lithuania,Wheat,211229.00666666665,3795.945,0.017970756289122036,207433.06166666665,23,False,False,False,Russian Federation
117,Republic of Korea,Wheat,4574909.953333333,76640.84000000001,0.016752425901663617,4498269.113333333,44,False,False,False,Russian Federation
203,Spain,Wheat,6470927.093333334,88920.91333333333,0.013741603336088273,6382006.180000001,61,False,False,False,Russian Federation
235,Uzbekistan,Wheat,3301487.6500000004,40053.09333333333,0.012131831943497751,3261434.556666667,13,False,False,False,Russian Federation
41,"China, mainland",Wheat,10653459.285,128848.80333333333,0.012094550688784402,10524610.481666667,22,False,False,False,Russian Federation
131,Malaysia,Wheat,1704770.3416666666,20300.0,0.011907762297268575,1684470.3416666666,37,False,False,False,Russian Federation
44,Colombia,Wheat,2038830.1449999998,18987.3,0.009312840526006644,2019842.8449999997,15,False,False,False,Russian Federation
208,Tajikistan,Wheat,1085642.8200000003,9475.806666666665,0.008728291194949977,1076167.0133333337,7,False,False,False,Russian Federation
229,United Kingdom of Great Britain and Northern Ireland,Wheat,1920833.05,15583.755,0.008113018984132952,1905249.2950000002,72,False,False,False,Russian Federation
272,Serbia,Wheat,7950.384999999999,47.66,0.005994678245141587,7902.724999999999,28,False,False,False,Russian Federation
100,India,Wheat,50674.48833333333,243.5,0.004805179253084385,50430.98833333333,22,False,False,False,Russian Federation
37,Central African Republic,Wheat,13473.124999999998,64.61,0.004795472468339751,13408.514999999998,18,False,False,False,Russian Federation
20,Botswana,Wheat,125714.44499999998,565.62,0.004499244299252962,125148.82499999998,14,False,False,False,Russian Federation
72,Djibouti,Wheat,274732.36833333335,1063.515,0.003871094645497451,273668.85333333333,27,False,False,False,Russian Federation
154,North Macedonia,Wheat,130299.42333333334,418.84,0.003214442468624893,129880.58333333334,21,False,False,False,Russian Federation
67,Finland,Wheat,49910.399999999994,104.635,0.0020964568506764126,49805.76499999999,31,False,False,False,Russian Federation
230,Ukraine,Wheat,51129.59166666667,93.37,0.0018261440578034476,51036.221666666665,31,False,False,False,Russian Federation
179,Qatar,Wheat,191576.565,93.765,0.0004894387786940433,191482.8,22,False,False,False,Russian Federation
214,"China, Taiwan Province of",Wheat,1292712.5783333334,491.0,0.00037982147635094244,1292221.5783333334,29,False,False,False,Russian Federation
27,Bulgaria,Wheat,76722.895,28.349999999999998,0.0003695116040655139,76694.545,36,False,False,False,Russian Federation
231,United States of America,Wheat,2215946.768333333,674.95,0.00030458764156489473,2215271.818333333,74,False,False,False,Russian Federation
150,Netherlands (Kingdom of the),Wheat,5045586.116666667,1099.4733333333334,0.00021790795120938162,5044486.643333334,97,False,False,False,Russian Federation
173,Poland,Wheat,907960.6599999999,192.28,0.00021177128973847833,907768.3799999999,40,False,False,False,Russian Federation
220,Trinidad and Tobago,Wheat,121130.23166666666,20.3,0.00016758822071654864,121109.93166666666,16,False,False,False,Russian Federation
216,Thailand,Wheat,3119897.8833333333,381.21333333333337,0.00012218775985258878,3119516.67,43,False,False,False,Russian Federation
10,Australia,Wheat,22742.556666666667,2.04,8.969967756483549e-05,22740.516666666666,41,False,False,False,Russian Federation
171,Philippines,Wheat,5964567.626666667,181.2,3.0379402387841592e-05,5964386.426666667,28,False,False,False,Russian Federation
200,Singapore,Wheat,296938.3133333333,8.873333333333333,2.9882749833540063e-05,296929.43999999994,51,False,False,False,Russian Federation
128,"China, Macao SAR",Wheat,10787.148333333334,0.3,2.7810871856927274e-05,10786.848333333335,27,False,False,False,Russian Federation
63,Estonia,Wheat,13043.01,0.33666666666666667,2.581203776326681e-05,13042.673333333334,19,False,False,False,Russian Federation
33,Canada,Wheat,304196.75666666665,6.79,2.232107953550721e-05,304189.9666666667,81,False,False,False,Russian Federation
68,France,Wheat,579355.1166666667,6.533333333333335,1.1276906245211093e-05,579348.5833333334,102,False,False,False,Russian Federation
79,Germany,Wheat,4577278.135,46.52333333333333,1.0163973427263304e-05,4577231.611666666,81,False,False,False,Russian Federation
11,Austria,Wheat,1306988.9566666668,9.756666666666666,7.464995489747659e-06,1306979.2000000002,56,False,False,False,Russian Federation
210,Sweden,Wheat,84913.53666666665,0.59,6.948244333716561e-06,84912.94666666666,66,False,False,False,Russian Federation
273,Montenegro,Wheat,61712.576666666675,0.2233333333333333,3.6189273790923106e-06,61712.35333333334,28,False,False,False,Russian Federation
118,Kuwait,Wheat,452122.9066666667,1.325,2.930619042880906e-06,452121.58166666667,42,False,False,False,Russian Federation
167,Czechia,Wheat,167463.58666666667,0.34,2.0302921176336924e-06,167463.24666666667,41,False,False,False,Russian Federation
97,Hungary,Wheat,338191.67166666663,0.56,1.6558657321164176e-06,338191.11166666663,31,False,False,False,Russian Federation
13,Bahrain,Wheat,117401.04666666665,0.15,1.2776717436420359e-06,117400.89666666665,47,False,False,False,Russian Federation
211,Switzerland,Wheat,498749.30833333335,0.26,5.213039810898986e-07,498749.04833333334,68,False,False,False,Russian Federation
132,Maldives,Wheat,24735.413333333334,0.01,4.042786698261494e-07,24735.403333333335,47,False,False,False,Russian Federation
156,New Zealand,Wheat,631362.475,0.23,3.642915268285465e-07,631362.245,43,False,False,False,Russian Federation
99,Iceland,Wheat,43417.265,0.01,2.3032312145871004e-07,43417.255,41,False,False,False,Russian Federation
255,Belgium,Wheat,3981667.2350000003,0.023333333333333334,5.860191712714368e-09,3981667.211666667,78,False,False,False,Russian Federation
18,Bhutan,Rice,178790.71,178716.99,0.9995876743260318,73.72000000000116,2,True,True,True,India
149,Nepal,Rice,1370628.835,1364318.415,0.995395967282419,6310.4199999999255,18,True,True,True,India
38,Sri Lanka,Rice,642346.7666666666,607683.3366666667,0.9460362660812024,34663.429999999935,21,True,True,True,India
238,Ethiopia,Rice,1622988.455,1525156.0933333335,0.9397208517625182,97832.36166666658,30,True,True,True,India
118,Kuwait,Rice,377129.48000000004,346521.39666666667,0.9188393245382637,30608.083333333372,32,True,True,True,India
132,Maldives,Rice,58444.37499999999,51981.909999999996,0.8894253724160794,6462.4649999999965,46,True,True,True,India
179,Qatar,Rice,328933.33499999996,285035.7166666667,0.8665455468861698,43897.61833333329,21,True,True,True,India
196,Seychelles,Rice,12227.388333333334,10288.446666666667,0.8414263443828901,1938.9416666666675,31,True,True,True,India
59,Egypt,Rice,390780.10833333334,326559.77,0.8356611890834686,64220.33833333332,22,True,True,True,India
233,Burkina Faso,Rice,598254.925,481220.7333333334,0.8043740439467897,117034.19166666665,13,True,True,True,India
217,Togo,Rice,391536.82166666666,312949.32666666666,0.7992845355758005,78587.495,16,True,True,True,India
13,Bahrain,Rice,128786.82166666667,100725.52666666667,0.7821105091588499,28061.295,47,True,True,True,India
129,Madagascar,Rice,1193238.7216666664,927301.2599999999,0.7771297085505102,265937.46166666655,25,True,True,True,India
72,Djibouti,Rice,941153.77,725792.4633333334,0.7711730925046747,215361.30666666664,27,True,True,True,India
194,Saudi Arabia,Rice,2436291.665,1834191.0033333332,0.7528618308240747,602100.6616666669,45,True,True,True,India
185,Russian Federation,Rice,347945.98999999993,260679.65999999997,0.7491957588015313,87266.32999999996,21,True,True,True,India
52,Azerbaijan,Rice,100689.05333333333,75203.44,0.746887943727481,25485.613333333327,36,True,True,True,India
46,Congo,Rice,211692.30166666667,152673.33666666667,0.7212040091427983,59018.965,22,True,True,True,India
133,Mali,Rice,706084.9349999999,502622.2949999999,0.7118439582626133,203462.64,28,True,True,True,India
225,United Arab Emirates,Rice,1213173.0716666665,855692.8766666666,0.705334545128923,357480.19499999995,70,True,True,True,India
53,Benin,Rice,2937718.1933333334,1962505.2766666666,0.6680372818333115,975212.9166666667,33,True,True,True,India
299,Palestine,Rice,93808.38666666666,62129.27333333332,0.662299774476454,31679.113333333335,22,True,True,True,India
137,Mauritius,Rice,91806.035,59482.81,0.6479182986172968,32323.225000000006,20,True,True,True,India
237,Viet Nam,Rice,1092159.58,706794.89,0.6471534956457553,385364.69000000006,15,True,True,True,India
221,Oman,Rice,429075.5316666667,267142.14666666667,0.6225993489514563,161933.385,28,True,True,True,India
195,Senegal,Rice,1489134.8283333331,904575.5599999999,0.6074504086459501,584559.2683333332,28,True,True,True,India
143,Morocco,Rice,127616.95666666667,74396.21333333333,0.5829649544743101,53220.74333333333,26,True,True,True,India
209,Eswatini,Rice,77558.85333333333,43500.02333333334,0.5608647042057009,34058.829999999994,11,True,True,True,India
7,Angola,Rice,902366.0266666667,485797.2,0.5383593637656453,416568.8266666667,40,True,True,True,India
158,Niger,Rice,1368628.5716666665,712341.5733333332,0.520478373811727,656286.9983333333,12,True,True,True,India
32,Cameroon,Rice,1511014.0033333334,770410.8133333334,0.5098634503940986,740603.1900000001,33,True,True,True,India
102,Iran (Islamic Republic of),Rice,2591336.34,1306648.5,0.5042373233572606,1284687.8399999999,3,True,True,True,India
147,Namibia,Rice,35142.636666666665,17463.27,0.49692543464059946,17679.366666666665,36,False,True,True,India
114,Kenya,Rice,1461968.586666667,703694.4233333333,0.48133347716983316,758274.1633333336,28,False,True,True,India
73,Georgia,Rice,21404.343333333334,10138.136666666667,0.4736485725716416,11266.206666666667,30,False,True,True,India
107,Côte d'Ivoire,Rice,2570650.4883333333,1217132.7266666666,0.47347266078781003,1353517.7616666667,25,False,True,True,India
176,Timor-Leste,Rice,228947.52166666667,104841.33666666667,0.45792737088156443,124106.185,16,False,True,True,India
75,Gambia,Rice,228819.095,92029.34666666668,0.40219259964587606,136789.74833333332,50,False,True,True,India
200,Singapore,Rice,766455.05,305971.84,0.3992038933007226,460483.21,33,False,True,True,India
230,Ukraine,Rice,150432.36333333334,57281.833333333336,0.3807813163608035,93150.53,38,False,True,True,India
144,Mozambique,Rice,2367776.39,886913.2733333334,0.37457644948192653,1480863.1166666667,32,False,True,True,India
112,Jordan,Rice,407029.9216666667,151069.87666666668,0.3711517719583867,255960.045,32,False,True,True,India
216,Thailand,Rice,16353.101666666666,6032.423333333333,0.3688855763447933,10320.678333333333,33,False,True,True,India
91,Guyana,Rice,191.21833333333333,63.81666666666666,0.3337371765259607,127.40166666666667,9,False,True,True,India
136,Mauritania,Rice,49900.276666666665,15805.676666666666,0.31674527121860313,34094.6,17,False,True,True,India
184,Rwanda,Rice,400168.59500000003,117098.025,0.2926217261002203,283070.57000000007,25,False,True,True,India
250,Democratic Republic of the Congo,Rice,347865.1333333333,101428.47333333333,0.2915741292075454,246436.65999999997,29,False,True,True,India
37,Central African Republic,Rice,38795.02166666667,11009.773333333333,0.2837934575196568,27785.248333333337,13,False,True,True,India
10,Australia,Rice,434797.99166666664,116800.55,0.26863176058445076,317997.44166666665,46,False,True,True,India
57,Belarus,Rice,53333.66,14318.4,0.2684683556313217,39015.26,15,False,True,True,India
108,Kazakhstan,Rice,30285.485,7278.31,0.2403233760331063,23007.175,20,False,False,True,India
121,Lebanon,Rice,130551.33333333331,31272.746666666662,0.23954367885940142,99278.58666666666,44,False,False,True,India
33,Canada,Rice,1135966.3116666665,268870.26666666666,0.23668859182292626,867096.0449999999,98,False,False,True,India
229,United Kingdom of Great Britain and Northern Ireland,Rice,920762.5116666667,211307.30000000002,0.2294916412458126,709455.2116666667,73,False,False,True,India
131,Malaysia,Rice,2505617.803333333,570855.1,0.227830078170967,1934762.7033333331,16,False,False,True,India
105,Israel,Rice,347346.57833333337,77538.45000000001,0.22323078687589587,269808.12833333336,29,False,False,True,India
231,United States of America,Rice,2295418.248333333,495579.8666666667,0.21589959347343318,1799838.3816666664,70,False,False,True,India
193,Sao Tome and Principe,Rice,20906.076666666668,4453.566666666667,0.21302737656977883,16452.510000000002,22,False,False,True,India
202,South Africa,Rice,2132549.51,453178.14666666667,0.21250533436228017,1679371.363333333,53,False,False,True,India
115,Cambodia,Rice,14089.263333333332,2948.6199999999994,0.2092813463869296,11140.643333333333,11,False,False,True,India
134,Malta,Rice,8183.841666666666,1654.68,0.20218866241506384,6529.161666666666,23,False,False,True,India
146,Republic of Moldova,Rice,19035.95333333333,3617.1200000000003,0.1900151747938025,15418.83333333333,36,False,False,True,India
41,"China, mainland",Rice,6813513.54,1282834.1966666665,0.18827792579196467,5530679.343333334,16,False,False,True,India
272,Serbia,Rice,23919.413333333334,4488.813333333333,0.18766402297492243,19430.600000000002,28,False,False,True,India
150,Netherlands (Kingdom of the),Rice,661761.2833333333,120468.41666666667,0.18204210445775804,541292.8666666667,90,False,False,True,India
50,Cyprus,Rice,16792.286666666667,2967.9133333333334,0.1767426552587835,13824.373333333333,37,False,False,True,India
156,New Zealand,Rice,106374.715,18512.06333333333,0.17402691356995253,87862.65166666667,40,False,False,True,India
181,Zimbabwe,Rice,252287.31833333336,39788.003333333334,0.15770908976393191,212499.31500000003,23,False,False,True,India
80,Bosnia and Herzegovina,Rice,14326.873333333333,2231.77,0.15577509119226293,12095.103333333333,29,False,False,True,India
130,Malawi,Rice,1789.9466666666667,271.37666666666667,0.15161159364152377,1518.5700000000002,23,False,False,True,India
223,Türkiye,Rice,1038401.9666666667,155907.65,0.15014190554788048,882494.3166666667,54,False,False,True,India
66,Fiji,Rice,86703.76666666666,12562.896666666667,0.14489447401939096,74140.87,18,False,False,True,India
113,Kyrgyzstan,Rice,16644.936666666665,2404.4166666666665,0.14445333826242657,14240.519999999999,18,False,False,True,India
104,Ireland,Rice,55937.815,7846.790000000001,0.14027702011599846,48091.025,57,False,False,True,India
45,Comoros,Rice,64256.6,8909.84,0.13866030882430755,55346.759999999995,7,False,False,True,India
1,Armenia,Rice,19397.673333333336,2639.0033333333336,0.13604741599593903,16758.670000000002,22,False,False,True,India
29,Burundi,Rice,19669.428333333337,2514.795,0.12785297861139328,17154.63333333334,19,False,False,True,India
99,Iceland,Rice,3462.5933333333332,419.02666666666664,0.12101526986516849,3043.5666666666666,45,False,False,True,India
236,Venezuela (Bolivarian Republic of),Rice,856376.47,97268.6,0.11358158871413178,759107.87,19,False,False,True,India
168,Papua New Guinea,Rice,588894.73,66646.25,0.1131717548228017,522248.48,23,False,False,True,India
211,Switzerland,Rice,135450.33166666667,13189.966666666667,0.09737862214413921,122260.36499999999,69,False,False,False,India
273,Montenegro,Rice,3591.8283333333334,347.3933333333334,0.09671768834535059,3244.435,36,False,False,False,India
81,Ghana,Rice,1170137.2883333333,112335.82333333332,0.09600225926766003,1057801.465,77,False,False,False,India
28,Myanmar,Rice,2708.27,240.86,0.0889350027877575,2467.41,5,False,False,False,India
26,Brunei Darussalam,Rice,51312.53666666666,4462.246666666667,0.08696211406686126,46850.28999999999,17,False,False,False,India
251,Zambia,Rice,60122.541666666664,5024.97,0.08357880190527542,55097.57166666666,32,False,False,False,India
210,Sweden,Rice,134514.49333333332,10658.25,0.07923495629268995,123856.24333333332,58,False,False,False,India
162,Norway,Rice,55702.235,4298.233333333334,0.07716446805650318,51404.00166666666,54,False,False,False,India
106,Italy,Rice,446204.33666666667,34217.90333333333,0.07668662207309637,411986.43333333335,57,False,False,False,India
101,Indonesia,Rice,2268413.5166666666,163317.13,0.07199618975996375,2105096.3866666667,15,False,False,False,India
84,Greece,Rice,46567.121666666666,3190.5866666666666,0.0685158659688114,43376.534999999996,38,False,False,False,India
35,Cabo Verde,Rice,82655.01333333334,5272.48,0.06378899219018938,77382.53333333334,23,False,False,False,India
215,United Republic of Tanzania,Rice,213824.11,12618.966666666667,0.059015639848409365,201205.1433333333,21,False,False,False,India
63,Estonia,Rice,7987.675,385.0566666666667,0.04820635124321741,7602.618333333334,25,False,False,False,India
79,Germany,Rice,400578.5083333333,16372.673333333334,0.04087257052669722,384205.83499999996,70,False,False,False,India
222,Tunisia,Rice,40056.06166666667,1588.1566666666668,0.0396483478551332,38467.905,16,False,False,False,India
255,Belgium,Rice,713247.5283333333,25954.153333333332,0.03638870420480975,687293.375,72,False,False,False,India
68,France,Rice,977469.6733333333,33829.74333333334,0.034609506827939035,943639.93,85,False,False,False,India
208,Tajikistan,Rice,53678.354999999996,1846.3400000000001,0.03439635957547507,51832.015,11,False,False,False,India
9,Argentina,Rice,3749.6549999999997,105.91333333333334,0.02824615420174212,3643.7416666666663,13,False,False,False,India
40,Chile,Rice,349213.61,9618.294999999998,0.027542726642297816,339595.315,27,False,False,False,India
203,Spain,Rice,455592.2783333333,12102.470000000001,0.02656425619036776,443489.80833333335,52,False,False,False,India
3,Albania,Rice,26217.885000000002,675.92,0.025780874391660498,25541.965000000004,9,False,False,False,India
174,Portugal,Rice,222503.89166666666,5623.496666666666,0.0252737002689878,216880.395,46,False,False,False,India
54,Denmark,Rice,76635.55166666667,1915.93,0.025000537718231776,74719.62166666667,44,False,False,False,India
11,Austria,Rice,74639.48,1591.1066666666666,0.021317226039981343,73048.37333333332,45,False,False,False,India
23,Belize,Rice,291.72,5.21,0.01785959138900315,286.51000000000005,7,False,False,False,India
117,Republic of Korea,Rice,417349.32,6666.813333333333,0.0159741804139835,410682.50666666665,28,False,False,False,India
74,Gabon,Rice,167755.005,2503.5666666666666,0.01492394618370204,165251.43833333332,20,False,False,False,India
220,Trinidad and Tobago,Rice,27710.348333333335,406.7133333333333,0.014677308579484353,27303.635000000002,21,False,False,False,India
67,Finland,Rice,65397.4,700.5166666666668,0.010711689863307512,64696.88333333333,32,False,False,False,India
109,Jamaica,Rice,138828.52333333332,1435.256666666667,0.010338341373988062,137393.26666666666,13,False,False,False,India
154,North Macedonia,Rice,599.76,6.0,0.010004001600640256,593.76,16,False,False,False,India
235,Uzbekistan,Rice,99262.265,957.14,0.009642536365657182,98305.125,21,False,False,False,India
119,Latvia,Rice,15616.935,148.16333333333333,0.009487350324076608,15468.771666666666,32,False,False,False,India
20,Botswana,Rice,75275.47166666666,707.5099999999999,0.009398944760292988,74567.96166666667,20,False,False,False,India
198,Slovenia,Rice,41310.03666666667,369.9466666666667,0.008955370087220936,40940.09,31,False,False,False,India
27,Bulgaria,Rice,125444.48999999999,1119.8033333333333,0.008926684092169639,124324.68666666666,38,False,False,False,India
21,Brazil,Rice,1347013.2366666666,11992.246666666668,0.008902842481594918,1335020.99,16,False,False,False,India
256,Luxembourg,Rice,6815.174999999999,59.455000000000005,0.00872391391270217,6755.719999999999,15,False,False,False,India
173,Poland,Rice,299122.51166666666,2548.766666666667,0.008520811932426329,296573.745,43,False,False,False,India
56,Dominican Republic,Rice,54490.19499999999,400.16,0.007343706514538993,54090.03499999999,11,False,False,False,India
207,Suriname,Rice,464.16166666666663,3.175,0.0068402891234016884,460.9866666666666,7,False,False,False,India
19,Bolivia (Plurinational State of),Rice,12212.276666666667,78.77,0.0064500667770655915,12133.506666666666,11,False,False,False,India
226,Uganda,Rice,707634.595,3759.7033333333334,0.005313057558093713,703874.8916666666,29,False,False,False,India
214,"China, Taiwan Province of",Rice,184153.83666666667,908.1133333333333,0.0049312756647969915,183245.72333333333,10,False,False,False,India
126,Lithuania,Rice,44495.715,193.40666666666667,0.004346635775302559,44302.30833333333,33,False,False,False,India
171,Philippines,Rice,6000174.996666667,25248.23,0.004207915604799257,5974926.766666667,18,False,False,False,India
169,Paraguay,Rice,1482.5616666666667,6.0566666666666675,0.004085271326544034,1476.505,12,False,False,False,India
167,Czechia,Rice,191640.2,674.59,0.0035200860779732016,190965.61000000002,48,False,False,False,India
234,Uruguay,Rice,2199.83,7.666666666666667,0.0034851177894049392,2192.1633333333334,13,False,False,False,India
96,"China, Hong Kong SAR",Rice,553793.5633333334,1913.0133333333333,0.003454379862811575,551880.55,23,False,False,False,India
141,Mongolia,Rice,114962.25833333333,386.04333333333335,0.003358000607590709,114576.215,21,False,False,False,India
83,Kiribati,Rice,15297.329999999998,50.8,0.003320840957212795,15246.529999999999,7,False,False,False,India
120,Lao People's Democratic Republic,Rice,137566.58333333334,452.0133333333333,0.0032857785835828587,137114.57,11,False,False,False,India
183,Romania,Rice,122772.80166666665,402.57,0.0032789835740084728,122370.23166666664,34,False,False,False,India
98,Croatia,Rice,26772.466666666667,74.67333333333333,0.0027891839128258633,26697.793333333335,25,False,False,False,India
110,Japan,Rice,680264.9466666668,1744.6666666666667,0.002564687002050632,678520.2800000001,17,False,False,False,India
157,Nicaragua,Rice,107725.635,275.69,0.0025591865854399467,107449.94499999999,16,False,False,False,India
89,Guatemala,Rice,110053.64,222.74666666666667,0.0020239827293914736,109830.89333333333,23,False,False,False,India
70,French Polynesia,Rice,22167.965,26.445,0.0011929376467348265,22141.52,23,False,False,False,India
97,Hungary,Rice,85056.425,96.64999999999999,0.0011363045178538833,84959.77500000001,34,False,False,False,India
44,Colombia,Rice,146570.39666666667,165.97666666666666,0.0011324023843923552,146404.42,11,False,False,False,India
219,Tonga,Rice,736.155,0.8,0.0010867276592565426,735.355,19,False,False,False,India
138,Mexico,Rice,903525.8833333333,691.13,0.0007649255132019553,902834.7533333333,8,False,False,False,India
128,"China, Macao SAR",Rice,56023.74166666667,31.813333333333333,0.0005678544914514665,55991.92833333334,31,False,False,False,India
199,Slovakia,Rice,61236.55333333334,20.990000000000002,0.00034276912819935547,61215.56333333334,29,False,False,False,India
58,Ecuador,Rice,35265.09166666667,11.56,0.00032780291936478263,35253.53166666667,9,False,False,False,India
48,Costa Rica,Rice,201275.22833333333,36.81666666666667,0.00018291702844671143,201238.41166666665,18,False,False,False,India
60,El Salvador,Rice,96108.40833333334,17.34,0.00018042125866718736,96091.06833333334,20,False,False,False,India
170,Peru,Rice,332791.73666666663,38.7,0.00011628894511513364,332753.0366666666,15,False,False,False,India
14,Barbados,Rice,6509.724999999999,0.18666666666666668,2.8675046436933464e-05,6509.538333333333,17,False,False,False,India
191,Saint Vincent and the Grenadines,Rice,2316.8966666666665,0.02,8.632236511770775e-06,2316.8766666666666,23,False,False,False,India
166,Panama,Rice,127057.78166666666,0.94,7.3982088123187105e-06,127056.84166666666,13,False,False,False,India
95,Honduras,Rice,131426.53,0.74,5.630522239307391e-06,131425.79,18,False,False,False,India
49,Cuba,Rice,774739.81,4.0,5.1630236995308136e-06,774735.81,28,False,False,False,India
12,Bahamas,Maize,1196.0916666666667,1195.9066666666668,0.9998453295803694,0.18499999999994543,4,True,True,True,United States of America
14,Barbados,Maize,29890.498333333333,29848.983333333334,0.9986110970938982,41.51499999999942,4,True,True,True,United States of America
33,Canada,Maize,3607101.733333333,3596467.1666666665,0.9970517696885586,10634.566666666418,67,True,True,True,United States of America
191,Saint Vincent and the Grenadines,Maize,11322.5,11164.35,0.9860322366968426,158.14999999999964,15,True,True,True,United States of America
86,Grenada,Maize,12080.336666666668,11822.183333333334,0.978630286517953,258.15333333333365,12,True,True,True,United States of America
138,Mexico,Maize,17477297.62,16781467.866666667,0.960186650793366,695829.7533333339,8,True,True,True,United States of America
220,Trinidad and Tobago,Maize,84178.935,78915.22333333333,0.9374699660114889,5263.71166666667,11,True,True,True,United States of America
95,Honduras,Maize,827460.35,757411.205,0.9153444089496252,70049.14500000002,8,True,True,True,United States of America
70,French Polynesia,Maize,2242.4049999999997,2050.41,0.9143798733948596,191.9949999999999,6,True,True,True,United States of America
109,Jamaica,Maize,322690.5316666667,292278.46,0.9057546823280153,30412.071666666656,6,True,True,True,United States of America
8,Antigua and Barbuda,Maize,59.61666666666667,53.093333333333334,0.8905786972323175,6.523333333333333,6,True,True,True,United States of America
91,Guyana,Maize,43122.12333333334,34462.51,0.7991839764847696,8659.613333333335,7,True,True,True,United States of America
96,"China, Hong Kong SAR",Maize,15902.8,12256.876666666665,0.7707370190574405,3645.923333333334,13,True,True,True,United States of America
207,Suriname,Maize,9529.803333333333,7177.373333333333,0.7531502049185345,2352.4300000000003,11,True,True,True,United States of America
166,Panama,Maize,620097.9833333333,466502.4666666666,0.7523044409191354,153595.51666666666,12,True,True,True,United States of America
157,Nicaragua,Maize,496775.595,372076.31666666665,0.7489826803320857,124699.27833333332,8,True,True,True,United States of America
60,El Salvador,Maize,707667.3116666665,527280.7899999999,0.7450969986986847,180386.5216666666,11,True,True,True,United States of America
9,Argentina,Maize,9849.058333333334,6991.506666666667,0.7098654947554207,2857.551666666667,16,True,True,True,United States of America
89,Guatemala,Maize,1556906.9783333333,1102607.77,0.708204013049219,454299.20833333326,22,True,True,True,United States of America
48,Costa Rica,Maize,971740.36,674075.1633333333,0.6936782612727266,297665.19666666666,10,True,True,True,United States of America
219,Tonga,Maize,0.655,0.4,0.6106870229007634,0.255,4,True,True,True,United States of America
110,Japan,Maize,15170879.4,9247667.736666666,0.6095670193427724,5923211.663333334,30,True,True,True,United States of America
44,Colombia,Maize,6305439.778333333,3735540.5,0.5924313975428033,2569899.2783333333,13,True,True,True,United States of America
41,"China, mainland",Maize,25071336.63,13945339.203333333,0.5562263954705368,11125997.426666666,24,True,True,True,United States of America
165,Pakistan,Maize,30736.55333333333,15360.0,0.4997307223559875,15376.55333333333,18,False,True,True,United States of America
72,Djibouti,Maize,12341.494999999999,4742.525,0.3842747576367369,7598.969999999999,7,False,True,True,United States of America
10,Australia,Maize,2011.9883333333335,772.1833333333334,0.38379115849743994,1239.805,15,False,True,True,United States of America
56,Dominican Republic,Maize,1379278.8066666666,405435.16333333333,0.293947214568719,973843.6433333333,7,False,True,True,United States of America
128,"China, Macao SAR",Maize,2.9433333333333334,0.7233333333333333,0.24575311438278594,2.22,5,False,False,True,United States of America
214,"China, Taiwan Province of",Maize,4156219.7283333335,803253.2566666667,0.1932653490841245,3352966.4716666667,18,False,False,True,United States of America
194,Saudi Arabia,Maize,3539653.388333333,662803.8633333333,0.18725106404992337,2876849.525,35,False,False,True,United States of America
156,New Zealand,Maize,75109.39166666666,13120.963333333333,0.17469138069395895,61988.42833333333,20,False,False,True,United States of America
117,Republic of Korea,Maize,11591692.295,1858609.9733333334,0.16033983011566244,9733082.321666667,37,False,False,True,United States of America
236,Venezuela (Bolivarian Republic of),Maize,1131380.9100000001,177346.16999999998,0.1567519554488505,954034.7400000002,6,False,False,True,United States of America
143,Morocco,Maize,2290633.8183333334,340899.44,0.1488231935072183,1949734.3783333334,22,False,False,True,United States of America
105,Israel,Maize,1407795.89,191165.25,0.13579045894216954,1216630.64,22,False,False,True,United States of America
222,Tunisia,Maize,1009534.12,136996.59999999998,0.13570279328449045,872537.52,16,False,False,True,United States of America
75,Gambia,Maize,519.6283333333333,68.23333333333333,0.13131180298739162,451.395,17,False,False,True,United States of America
23,Belize,Maize,495.77,61.21,0.12346450975250621,434.56,6,False,False,True,United States of America
58,Ecuador,Maize,153279.21,17219.0,0.11233747877484494,136060.21,9,False,False,True,United States of America
13,Bahrain,Maize,19668.10166666667,2101.693333333333,0.10685796570267202,17566.408333333336,30,False,False,True,United States of America
132,Maldives,Maize,298.49833333333333,30.08,0.10077108191558858,268.41833333333335,50,False,False,True,United States of America
19,Bolivia (Plurinational State of),Maize,15404.093333333334,1527.8233333333335,0.09918294444680073,13876.27,4,False,False,False,United States of America
100,India,Maize,17645.758333333335,1511.7600000000002,0.08567271360303302,16133.998333333335,17,False,False,False,United States of America
202,South Africa,Maize,14773.153333333332,1158.4233333333334,0.07841408717524989,13614.729999999998,45,False,False,False,United States of America
170,Peru,Maize,3666959.3200000003,283214.36333333334,0.07723411650318862,3383744.956666667,13,False,False,False,United States of America
101,Indonesia,Maize,1120147.4566666665,74250.66333333334,0.06628650798733979,1045896.7933333332,17,False,False,False,United States of America
233,Burkina Faso,Maize,1490.7833333333333,91.95,0.06167898308495534,1398.8333333333333,17,False,False,False,United States of America
55,Dominica,Maize,44.943333333333335,2.36,0.052510568864496024,42.583333333333336,5,False,False,False,United States of America
40,Chile,Maize,2463753.37,113914.145,0.04623601793388922,2349839.225,31,False,False,False,United States of America
118,Kuwait,Maize,169824.2916666667,7177.206666666666,0.04226254439944422,162647.08500000002,40,False,False,False,United States of America
49,Cuba,Maize,425933.33999999997,17964.309999999998,0.04217634149043134,407969.02999999997,8,False,False,False,United States of America
221,Oman,Maize,245757.25,9611.313333333334,0.039108971691916856,236145.93666666668,29,False,False,False,United States of America
217,Togo,Maize,2028.0933333333332,78.0,0.03845976845247096,1950.0933333333332,12,False,False,False,United States of America
121,Lebanon,Maize,424997.0783333333,15516.43,0.03650949804372577,409480.6483333333,22,False,False,False,United States of America
225,United Arab Emirates,Maize,636644.96,21446.976666666666,0.03368749933505586,615197.9833333333,55,False,False,False,United States of America
238,Ethiopia,Maize,5942.213333333333,184.17000000000002,0.030993501860137416,5758.043333333333,11,False,False,False,United States of America
112,Jordan,Maize,712106.1966666667,21107.126666666667,0.029640419877636322,690999.07,24,False,False,False,United States of America
200,Singapore,Maize,7942.546666666666,217.43666666666664,0.027376190004549338,7725.11,35,False,False,False,United States of America
115,Cambodia,Maize,196901.17,4988.77,0.02533641623358561,191912.40000000002,13,False,False,False,United States of America
171,Philippines,Maize,630414.1983333334,15831.956666666667,0.025113578832016523,614582.2416666667,24,False,False,False,United States of America
230,Ukraine,Maize,19774.96,442.33666666666664,0.022368523964987373,19332.623333333333,29,False,False,False,United States of America
104,Ireland,Maize,1406261.0499999998,29315.52666666667,0.02084643293410329,1376945.5233333332,43,False,False,False,United States of America
141,Mongolia,Maize,3015.181666666667,58.919999999999995,0.019541111121552098,2956.2616666666668,6,False,False,False,United States of America
203,Spain,Maize,9676911.035,187245.67666666667,0.019349736293888194,9489665.358333334,46,False,False,False,United States of America
59,Egypt,Maize,6482082.083333333,111442.89666666667,0.01719245378783579,6370639.1866666665,28,False,False,False,United States of America
237,Viet Nam,Maize,9636765.53,144154.89,0.014958845844203083,9492610.639999999,26,False,False,False,United States of America
229,United Kingdom of Great Britain and Northern Ireland,Maize,2494114.6133333333,36378.98333333333,0.014585930870559939,2457735.63,59,False,False,False,United States of America
108,Kazakhstan,Maize,12735.446666666667,183.10666666666665,0.014377718462433197,12552.34,26,False,False,False,United States of America
66,Fiji,Maize,146.38833333333335,1.8599999999999999,0.012705930572791546,144.52833333333334,8,False,False,False,United States of America
150,Netherlands (Kingdom of the),Maize,5286572.358333333,51211.43666666667,0.009687077598766055,5235360.921666667,90,False,False,False,United States of America
99,Iceland,Maize,19910.125,161.46,0.008109441804107206,19748.665,20,False,False,False,United States of America
28,Myanmar,Maize,12828.946666666667,102.09,0.007957785050682259,12726.856666666667,7,False,False,False,United States of America
235,Uzbekistan,Maize,65950.03333333334,466.25333333333333,0.0070697967804918965,65483.780000000006,28,False,False,False,United States of America
174,Portugal,Maize,2226230.36,14940.076666666666,0.006710930250123202,2211290.283333333,33,False,False,False,United States of America
210,Sweden,Maize,55254.366666666654,301.07666666666665,0.005448920779111878,54953.289999999986,41,False,False,False,United States of America
215,United Republic of Tanzania,Maize,67085.51333333334,315.0466666666667,0.004696195214326948,66770.46666666667,24,False,False,False,United States of America
106,Italy,Maize,6235334.671666667,27632.093333333334,0.004431533315908999,6207702.578333333,42,False,False,False,United States of America
251,Zambia,Maize,3198.533333333333,12.753333333333336,0.003987244153570387,3185.7799999999993,24,False,False,False,United States of America
162,Norway,Maize,105131.43666666666,406.34,0.003865066557478478,104725.09666666666,37,False,False,False,United States of America
74,Gabon,Maize,762.6616666666666,2.465,0.0032321016090577515,760.1966666666666,16,False,False,False,United States of America
113,Kyrgyzstan,Maize,1639.513333333333,5.19,0.003165573523850574,1634.323333333333,20,False,False,False,United States of America
179,Qatar,Maize,84325.48666666666,217.39000000000001,0.0025779869004412506,84108.09666666666,16,False,False,False,United States of America
131,Malaysia,Maize,3551788.245,8686.156666666668,0.0024455727840460456,3543102.0883333334,31,False,False,False,United States of America
244,Samoa,Maize,5.59,0.01,0.0017889087656529517,5.58,3,False,False,False,United States of America
183,Romania,Maize,1063490.0233333332,1853.1266666666668,0.0017424955815366734,1061636.8966666665,39,False,False,False,United States of America
79,Germany,Maize,3021410.7533333334,5060.593333333333,0.0016749107441781286,3016350.16,57,False,False,False,United States of America
211,Switzerland,Maize,196625.41499999998,318.98,0.0016222724819169487,196306.43499999997,42,False,False,False,United States of America
216,Thailand,Maize,1555911.8283333334,2381.9333333333334,0.001530892233067487,1553529.895,25,False,False,False,United States of America
81,Ghana,Maize,67970.58833333333,97.55666666666666,0.0014352776555094796,67873.03166666666,31,False,False,False,United States of America
68,France,Maize,556506.36,752.6333333333333,0.001352425394263838,555753.7266666667,78,False,False,False,United States of America
173,Poland,Maize,997629.7883333333,1310.3933333333332,0.0013135066220531675,996319.395,28,False,False,False,United States of America
27,Bulgaria,Maize,73485.62166666667,94.69,0.0012885513907675316,73390.93166666667,28,False,False,False,United States of America
54,Denmark,Maize,194308.44166666665,140.76333333333332,0.0007244324133627236,194167.67833333332,39,False,False,False,United States of America
149,Nepal,Maize,502705.79999999993,342.665,0.0006816412303180112,502363.13499999995,13,False,False,False,United States of America
158,Niger,Maize,34681.613333333335,22.42,0.0006464520489435132,34659.193333333336,24,False,False,False,United States of America
272,Serbia,Maize,10055.6,5.78,0.0005748040892636938,10049.82,28,False,False,False,United States of America
196,Seychelles,Maize,7449.943333333333,4.006666666666667,0.0005378116970017222,7445.936666666666,22,False,False,False,United States of America
223,Türkiye,Maize,2589337.995,973.9200000000001,0.0003761270262440188,2588364.075,45,False,False,False,United States of America
73,Georgia,Maize,57012.39166666666,19.95,0.00034992392735672817,56992.441666666666,22,False,False,False,United States of America
97,Hungary,Maize,988250.8416666668,326.05,0.00032992635700681286,987924.7916666667,36,False,False,False,United States of America
26,Brunei Darussalam,Maize,30449.298333333332,9.636666666666667,0.0003164823885651662,30439.661666666667,16,False,False,False,United States of America
63,Estonia,Maize,63008.595,19.564999999999998,0.0003105131926842679,62989.03,17,False,False,False,United States of America
84,Greece,Maize,602624.7033333334,152.21333333333334,0.00025258395895718646,602472.49,28,False,False,False,United States of America
21,Brazil,Maize,2400998.8966666665,601.5500000000001,0.00025054155619777193,2400397.3466666667,10,False,False,False,United States of America
144,Mozambique,Maize,173990.88166666668,36.0,0.0002069073945436355,173954.88166666668,18,False,False,False,United States of America
234,Uruguay,Maize,265806.795,54.143333333333324,0.0002036943161416672,265752.6516666667,8,False,False,False,United States of America
119,Latvia,Maize,207169.03166666665,39.053333333333335,0.00018850951331456645,207129.9783333333,21,False,False,False,United States of America
114,Kenya,Maize,680715.5599999999,114.66333333333331,0.0001684452950265061,680600.8966666666,32,False,False,False,United States of America
129,Madagascar,Maize,2535.35,0.42500000000000004,0.00016762971581832885,2534.9249999999997,16,False,False,False,United States of America
126,Lithuania,Maize,218654.28833333333,30.615000000000002,0.0001400155479838024,218623.67333333334,23,False,False,False,United States of America
50,Cyprus,Maize,309581.55,39.696666666666665,0.00012822684900526749,309541.85333333333,23,False,False,False,United States of America
176,Timor-Leste,Maize,360.705,0.04,0.00011089394380449399,360.66499999999996,11,False,False,False,United States of America
255,Belgium,Maize,1796915.7766666666,198.93666666666664,0.00011071006735535497,1796716.8399999999,52,False,False,False,United States of America
273,Montenegro,Maize,24982.619999999995,2.42,9.686734217628097e-05,24980.199999999997,16,False,False,False,United States of America
226,Uganda,Maize,69807.83333333334,6.27,8.981800036767601e-05,69801.56333333334,22,False,False,False,United States of America
7,Angola,Maize,58084.70166666667,5.18,8.918010855468798e-05,58079.52166666667,28,False,False,False,United States of America
130,Malawi,Maize,15183.806666666667,1.2433333333333334,8.188548238452281e-05,15182.563333333334,12,False,False,False,United States of America
133,Mali,Maize,4091.7149999999997,0.32,7.820681547957275e-05,4091.3949999999995,15,False,False,False,United States of America
107,Côte d'Ivoire,Maize,59360.17166666667,3.2550000000000003,5.483474708055511e-05,59356.91666666667,22,False,False,False,United States of America
1,Armenia,Maize,76786.80166666667,3.0,3.906921417332983e-05,76783.80166666667,16,False,False,False,United States of America
137,Mauritius,Maize,107813.985,3.17,2.9402493563335033e-05,107810.815,5,False,False,False,United States of America
98,Croatia,Maize,110486.32666666666,3.0966666666666662,2.802760088141223e-05,110483.23,23,False,False,False,United States of America
154,North Macedonia,Maize,45389.79333333334,1.1099999999999999,2.4454837056612866e-05,45388.68333333334,21,False,False,False,United States of America
198,Slovenia,Maize,857152.0416666667,20.41,2.3811411520777937e-05,857131.6316666667,20,False,False,False,United States of America
80,Bosnia and Herzegovina,Maize,178882.23166666666,3.245,1.8140426635814837e-05,178878.98666666666,17,False,False,False,United States of America
35,Cabo Verde,Maize,33138.875,0.5366666666666667,1.6194474515706002e-05,33138.33833333333,10,False,False,False,United States of America
11,Austria,Maize,964477.1166666667,15.32,1.5884254520156493e-05,964461.7966666667,38,False,False,False,United States of America
52,Azerbaijan,Maize,59959.73833333334,0.88,1.4676515015923322e-05,59958.858333333344,15,False,False,False,United States of America
181,Zimbabwe,Maize,292059.77499999997,3.3449999999999998,1.1453134893362155e-05,292056.43,13,False,False,False,United States of America
32,Cameroon,Maize,31991.86,0.255,7.97077756654349e-06,31991.605,25,False,False,False,United States of America
29,Burundi,Maize,18069.753333333334,0.13,7.194342811541792e-06,18069.623333333333,10,False,False,False,United States of America
195,Senegal,Maize,436659.53833333333,1.0366666666666668,2.374084557097904e-06,436658.50166666665,24,False,False,False,United States of America
184,Rwanda,Maize,128803.25,0.3,2.3291337757393544e-06,128802.95,16,False,False,False,United States of America
256,Luxembourg,Maize,12479.845000000003,0.01,8.012920032260015e-07,12479.835000000003,12,False,False,False,United States of America
67,Finland,Maize,54897.40166666667,0.04,7.286319349479837e-07,54897.36166666667,20,False,False,False,United States of America
147,Namibia,Maize,146577.54499999998,0.09,6.14009465092351e-07,146577.455,14,False,False,False,United States of America
146,Republic of Moldova,Maize,39621.04166666667,0.02,5.047822863482682e-07,39621.021666666675,23,False,False,False,United States of America
20,Botswana,Maize,263275.80666666664,0.055,2.089063962859127e-07,263275.75166666665,4,False,False,False,United States of America
134,Malta,Maize,53417.97833333333,0.01,1.8720289146098036e-07,53417.96833333333,19,False,False,False,United States of America
167,Czechia,Maize,219172.96666666667,0.03,1.3687819468003125e-07,219172.93666666668,27,False,False,False,United States of America
38,Sri Lanka,Maize,132714.81,0.01,7.534954086887514e-08,132714.8,7,False,False,False,United States of America
102,Iran (Islamic Republic of),Maize,9429564.185,0.02,2.1209887973205413e-09,9429564.165000001,24,False,False,False,United States of America
